cod_reg,reg,cod_cs,cs,cod_dis,dis,cod_com,com,cod_circ,circ
3015,DE ARICA Y PARINACOTA,5001,CIRCUNSCRIPCIÓN SENATORIAL 1,6001,DISTRITO 1,2822,ARICA,7001,ARICA
3015,DE ARICA Y PARINACOTA,5001,CIRCUNSCRIPCIÓN SENATORIAL 1,6001,DISTRITO 1,2822,ARICA,7660,ARICA NORTE
3015,DE ARICA Y PARINACOTA,5001,CIRCUNSCRIPCIÓN SENATORIAL 1,6001,DISTRITO 1,2822,ARICA,7599,SAN MIGUEL DE AZAPA
3015,DE ARICA Y PARINACOTA,5001,CIRCUNSCRIPCIÓN SENATORIAL 1,6001,DISTRITO 1,2822,ARICA,7694,SECTOR EX BARRIO INDUSTRIAL DE ARICA
3015,DE ARICA Y PARINACOTA,5001,CIRCUNSCRIPCIÓN SENATORIAL 1,6001,DISTRITO 1,2823,CAMARONES,7003,CAMARONES
3015,DE ARICA Y PARINACOTA,5001,CIRCUNSCRIPCIÓN SENATORIAL 1,6001,DISTRITO 1,2823,CAMARONES,7525,CODPA
3015,DE ARICA Y PARINACOTA,5001,CIRCUNSCRIPCIÓN SENATORIAL 1,6001,DISTRITO 1,2825,GENERAL LAGOS,7006,GENERAL LAGOS
3015,DE ARICA Y PARINACOTA,5001,CIRCUNSCRIPCIÓN SENATORIAL 1,6001,DISTRITO 1,2824,PUTRE,7005,BELEN
3015,DE ARICA Y PARINACOTA,5001,CIRCUNSCRIPCIÓN SENATORIAL 1,6001,DISTRITO 1,2824,PUTRE,7004,PUTRE
3001,DE TARAPACA,5002,CIRCUNSCRIPCIÓN SENATORIAL 2,6002,DISTRITO 2,2502,ALTO HOSPICIO,7589,ALTO HOSPICIO
3001,DE TARAPACA,5002,CIRCUNSCRIPCIÓN SENATORIAL 2,6002,DISTRITO 2,2504,CAMIÑA,7011,CAMIÑA
3001,DE TARAPACA,5002,CIRCUNSCRIPCIÓN SENATORIAL 2,6002,DISTRITO 2,2505,COLCHANE,7012,COLCHANE
3001,DE TARAPACA,5002,CIRCUNSCRIPCIÓN SENATORIAL 2,6002,DISTRITO 2,2506,HUARA,7010,CHIAPA
3001,DE TARAPACA,5002,CIRCUNSCRIPCIÓN SENATORIAL 2,6002,DISTRITO 2,2506,HUARA,7009,HUARA
3001,DE TARAPACA,5002,CIRCUNSCRIPCIÓN SENATORIAL 2,6002,DISTRITO 2,2506,HUARA,7713,PISAGUA
3001,DE TARAPACA,5002,CIRCUNSCRIPCIÓN SENATORIAL 2,6002,DISTRITO 2,2506,HUARA,7712,SAN LORENZO DE TARAPACA
3001,DE TARAPACA,5002,CIRCUNSCRIPCIÓN SENATORIAL 2,6002,DISTRITO 2,2501,IQUIQUE,7714,CHANAVAYITA
3001,DE TARAPACA,5002,CIRCUNSCRIPCIÓN SENATORIAL 2,6002,DISTRITO 2,2501,IQUIQUE,7007,IQUIQUE
3001,DE TARAPACA,5002,CIRCUNSCRIPCIÓN SENATORIAL 2,6002,DISTRITO 2,2501,IQUIQUE,7715,IQUIQUE SUR
3001,DE TARAPACA,5002,CIRCUNSCRIPCIÓN SENATORIAL 2,6002,DISTRITO 2,2507,PICA,7013,PICA
3001,DE TARAPACA,5002,CIRCUNSCRIPCIÓN SENATORIAL 2,6002,DISTRITO 2,2503,POZO ALMONTE,7716,LA TIRANA
3001,DE TARAPACA,5002,CIRCUNSCRIPCIÓN SENATORIAL 2,6002,DISTRITO 2,2503,POZO ALMONTE,7015,MAMIÑA
3001,DE TARAPACA,5002,CIRCUNSCRIPCIÓN SENATORIAL 2,6002,DISTRITO 2,2503,POZO ALMONTE,7014,POZO ALMONTE
3002,DE ANTOFAGASTA,5003,CIRCUNSCRIPCIÓN SENATORIAL 3,6003,DISTRITO 3,2508,ANTOFAGASTA,7023,ANTOFAGASTA NORTE
3002,DE ANTOFAGASTA,5003,CIRCUNSCRIPCIÓN SENATORIAL 3,6003,DISTRITO 3,2508,ANTOFAGASTA,7025,ANTOFAGASTA SUR
3002,DE ANTOFAGASTA,5003,CIRCUNSCRIPCIÓN SENATORIAL 3,6003,DISTRITO 3,2512,CALAMA,7019,CALAMA
3002,DE ANTOFAGASTA,5003,CIRCUNSCRIPCIÓN SENATORIAL 3,6003,DISTRITO 3,2512,CALAMA,7601,CHIU CHIU
3002,DE ANTOFAGASTA,5003,CIRCUNSCRIPCIÓN SENATORIAL 3,6003,DISTRITO 3,2512,CALAMA,7020,CHUQUICAMATA
3002,DE ANTOFAGASTA,5003,CIRCUNSCRIPCIÓN SENATORIAL 3,6003,DISTRITO 3,2516,MARIA ELENA,7017,MARIA ELENA
3002,DE ANTOFAGASTA,5003,CIRCUNSCRIPCIÓN SENATORIAL 3,6003,DISTRITO 3,2516,MARIA ELENA,7018,PEDRO DE VALDIVIA
3002,DE ANTOFAGASTA,5003,CIRCUNSCRIPCIÓN SENATORIAL 3,6003,DISTRITO 3,2516,MARIA ELENA,7614,QUILLAGUA
3002,DE ANTOFAGASTA,5003,CIRCUNSCRIPCIÓN SENATORIAL 3,6003,DISTRITO 3,2509,MEJILLONES,7027,MEJILLONES
3002,DE ANTOFAGASTA,5003,CIRCUNSCRIPCIÓN SENATORIAL 3,6003,DISTRITO 3,2513,OLLAGUE,7021,OLLAGUE
3002,DE ANTOFAGASTA,5003,CIRCUNSCRIPCIÓN SENATORIAL 3,6003,DISTRITO 3,2514,SAN PEDRO DE ATACAMA,7022,SAN PEDRO DE ATACAMA
3002,DE ANTOFAGASTA,5003,CIRCUNSCRIPCIÓN SENATORIAL 3,6003,DISTRITO 3,2510,SIERRA GORDA,7028,SIERRA GORDA
3002,DE ANTOFAGASTA,5003,CIRCUNSCRIPCIÓN SENATORIAL 3,6003,DISTRITO 3,2510,SIERRA GORDA,7615,SIERRA GORDA NORTE
3002,DE ANTOFAGASTA,5003,CIRCUNSCRIPCIÓN SENATORIAL 3,6003,DISTRITO 3,2511,TALTAL,7029,TALTAL
3002,DE ANTOFAGASTA,5003,CIRCUNSCRIPCIÓN SENATORIAL 3,6003,DISTRITO 3,2515,TOCOPILLA,7016,TOCOPILLA
3003,DE ATACAMA,5004,CIRCUNSCRIPCIÓN SENATORIAL 4,6004,DISTRITO 4,2523,ALTO DEL CARMEN,7042,ALTO DEL CARMEN
3003,DE ATACAMA,5004,CIRCUNSCRIPCIÓN SENATORIAL 4,6004,DISTRITO 4,2523,ALTO DEL CARMEN,7043,EL TRANSITO
3003,DE ATACAMA,5004,CIRCUNSCRIPCIÓN SENATORIAL 4,6004,DISTRITO 4,2523,ALTO DEL CARMEN,7616,SAN FELIX
3003,DE ATACAMA,5004,CIRCUNSCRIPCIÓN SENATORIAL 4,6004,DISTRITO 4,2518,CALDERA,7036,CALDERA
3003,DE ATACAMA,5004,CIRCUNSCRIPCIÓN SENATORIAL 4,6004,DISTRITO 4,2520,CHAÑARAL,7030,CHAÑARAL
3003,DE ATACAMA,5004,CIRCUNSCRIPCIÓN SENATORIAL 4,6004,DISTRITO 4,2517,COPIAPO,7034,COPIAPO
3003,DE ATACAMA,5004,CIRCUNSCRIPCIÓN SENATORIAL 4,6004,DISTRITO 4,2517,COPIAPO,7717,LOS VOLCANES
3003,DE ATACAMA,5004,CIRCUNSCRIPCIÓN SENATORIAL 4,6004,DISTRITO 4,2517,COPIAPO,7719,PAIPOTE
3003,DE ATACAMA,5004,CIRCUNSCRIPCIÓN SENATORIAL 4,6004,DISTRITO 4,2517,COPIAPO,7718,PALOMAR
3003,DE ATACAMA,5004,CIRCUNSCRIPCIÓN SENATORIAL 4,6004,DISTRITO 4,2521,DIEGO DE ALMAGRO,7031,DIEGO DE ALMAGRO
3003,DE ATACAMA,5004,CIRCUNSCRIPCIÓN SENATORIAL 4,6004,DISTRITO 4,2521,DIEGO DE ALMAGRO,7032,EL SALVADOR
3003,DE ATACAMA,5004,CIRCUNSCRIPCIÓN SENATORIAL 4,6004,DISTRITO 4,2524,FREIRINA,7040,FREIRINA
3003,DE ATACAMA,5004,CIRCUNSCRIPCIÓN SENATORIAL 4,6004,DISTRITO 4,2525,HUASCO,7041,HUASCO
3003,DE ATACAMA,5004,CIRCUNSCRIPCIÓN SENATORIAL 4,6004,DISTRITO 4,2519,TIERRA AMARILLA,7720,LOS LOROS
3003,DE ATACAMA,5004,CIRCUNSCRIPCIÓN SENATORIAL 4,6004,DISTRITO 4,2519,TIERRA AMARILLA,7037,TIERRA AMARILLA
3003,DE ATACAMA,5004,CIRCUNSCRIPCIÓN SENATORIAL 4,6004,DISTRITO 4,2522,VALLENAR,7039,DOMEYKO
3003,DE ATACAMA,5004,CIRCUNSCRIPCIÓN SENATORIAL 4,6004,DISTRITO 4,2522,VALLENAR,7038,VALLENAR
3004,DE COQUIMBO,5005,CIRCUNSCRIPCIÓN SENATORIAL 5,6005,DISTRITO 5,2528,ANDACOLLO,7050,ANDACOLLO
3004,DE COQUIMBO,5005,CIRCUNSCRIPCIÓN SENATORIAL 5,6005,DISTRITO 5,2533,CANELA,7071,CANELA (CANELA BAJA)
3004,DE COQUIMBO,5005,CIRCUNSCRIPCIÓN SENATORIAL 5,6005,DISTRITO 5,2533,CANELA,7070,MINCHA
3004,DE COQUIMBO,5005,CIRCUNSCRIPCIÓN SENATORIAL 5,6005,DISTRITO 5,2537,COMBARBALA,7062,COMBARBALA
3004,DE COQUIMBO,5005,CIRCUNSCRIPCIÓN SENATORIAL 5,6005,DISTRITO 5,2527,COQUIMBO,7047,COQUIMBO
3004,DE COQUIMBO,5005,CIRCUNSCRIPCIÓN SENATORIAL 5,6005,DISTRITO 5,2527,COQUIMBO,7596,TIERRAS BLANCAS
3004,DE COQUIMBO,5005,CIRCUNSCRIPCIÓN SENATORIAL 5,6005,DISTRITO 5,2527,COQUIMBO,7049,TONGOY
3004,DE COQUIMBO,5005,CIRCUNSCRIPCIÓN SENATORIAL 5,6005,DISTRITO 5,2532,ILLAPEL,7064,ILLAPEL
3004,DE COQUIMBO,5005,CIRCUNSCRIPCIÓN SENATORIAL 5,6005,DISTRITO 5,2529,LA HIGUERA,7046,LA HIGUERA
3004,DE COQUIMBO,5005,CIRCUNSCRIPCIÓN SENATORIAL 5,6005,DISTRITO 5,2526,LA SERENA,7044,LA SERENA
3004,DE COQUIMBO,5005,CIRCUNSCRIPCIÓN SENATORIAL 5,6005,DISTRITO 5,2526,LA SERENA,7602,LAS COMPAÑIAS
3004,DE COQUIMBO,5005,CIRCUNSCRIPCIÓN SENATORIAL 5,6005,DISTRITO 5,2534,LOS VILOS,7068,CAIMANES
3004,DE COQUIMBO,5005,CIRCUNSCRIPCIÓN SENATORIAL 5,6005,DISTRITO 5,2534,LOS VILOS,7067,LOS VILOS
3004,DE COQUIMBO,5005,CIRCUNSCRIPCIÓN SENATORIAL 5,6005,DISTRITO 5,2534,LOS VILOS,7069,QUILIMARI
3004,DE COQUIMBO,5005,CIRCUNSCRIPCIÓN SENATORIAL 5,6005,DISTRITO 5,2538,MONTE PATRIA,7060,CAREN
3004,DE COQUIMBO,5005,CIRCUNSCRIPCIÓN SENATORIAL 5,6005,DISTRITO 5,2538,MONTE PATRIA,7061,CHAÑARAL ALTO
3004,DE COQUIMBO,5005,CIRCUNSCRIPCIÓN SENATORIAL 5,6005,DISTRITO 5,2538,MONTE PATRIA,7645,EL PALQUI
3004,DE COQUIMBO,5005,CIRCUNSCRIPCIÓN SENATORIAL 5,6005,DISTRITO 5,2538,MONTE PATRIA,7058,MONTE PATRIA
3004,DE COQUIMBO,5005,CIRCUNSCRIPCIÓN SENATORIAL 5,6005,DISTRITO 5,2538,MONTE PATRIA,7059,RAPEL
3004,DE COQUIMBO,5005,CIRCUNSCRIPCIÓN SENATORIAL 5,6005,DISTRITO 5,2536,OVALLE,7054,BARRAZA
3004,DE COQUIMBO,5005,CIRCUNSCRIPCIÓN SENATORIAL 5,6005,DISTRITO 5,2536,OVALLE,7055,CERRILLOS DE TAMAYA
3004,DE COQUIMBO,5005,CIRCUNSCRIPCIÓN SENATORIAL 5,6005,DISTRITO 5,2536,OVALLE,7053,OVALLE
3004,DE COQUIMBO,5005,CIRCUNSCRIPCIÓN SENATORIAL 5,6005,DISTRITO 5,2530,PAIHUANO,7052,PAIHUANO
3004,DE COQUIMBO,5005,CIRCUNSCRIPCIÓN SENATORIAL 5,6005,DISTRITO 5,2539,PUNITAQUI,7063,PUNITAQUI
3004,DE COQUIMBO,5005,CIRCUNSCRIPCIÓN SENATORIAL 5,6005,DISTRITO 5,2540,RIO HURTADO,7057,HURTADO
3004,DE COQUIMBO,5005,CIRCUNSCRIPCIÓN SENATORIAL 5,6005,DISTRITO 5,2540,RIO HURTADO,7056,RIO HURTADO (SAMO ALTO)
3004,DE COQUIMBO,5005,CIRCUNSCRIPCIÓN SENATORIAL 5,6005,DISTRITO 5,2535,SALAMANCA,7066,CHELLEPIN
3004,DE COQUIMBO,5005,CIRCUNSCRIPCIÓN SENATORIAL 5,6005,DISTRITO 5,2535,SALAMANCA,7065,SALAMANCA
3004,DE COQUIMBO,5005,CIRCUNSCRIPCIÓN SENATORIAL 5,6005,DISTRITO 5,2531,VICUÑA,7051,VICUÑA
3005,DE VALPARAISO,5006,CIRCUNSCRIPCIÓN SENATORIAL 6,6006,DISTRITO 6,2554,CABILDO,7074,CABILDO
3005,DE VALPARAISO,5006,CIRCUNSCRIPCIÓN SENATORIAL 6,6006,DISTRITO 6,2559,CALERA,7092,CALERA
3005,DE VALPARAISO,5006,CIRCUNSCRIPCIÓN SENATORIAL 6,6006,DISTRITO 6,2550,CALLE LARGA,7081,CALLE LARGA
3005,DE VALPARAISO,5006,CIRCUNSCRIPCIÓN SENATORIAL 6,6006,DISTRITO 6,2570,CATEMU,7088,CATEMU
3005,DE VALPARAISO,5006,CIRCUNSCRIPCIÓN SENATORIAL 6,6006,DISTRITO 6,2560,HIJUELAS,7094,HIJUELAS
3005,DE VALPARAISO,5006,CIRCUNSCRIPCIÓN SENATORIAL 6,6006,DISTRITO 6,2561,LA CRUZ,7091,LA CRUZ
3005,DE VALPARAISO,5006,CIRCUNSCRIPCIÓN SENATORIAL 6,6006,DISTRITO 6,2553,LA LIGUA,7072,LA LIGUA
3005,DE VALPARAISO,5006,CIRCUNSCRIPCIÓN SENATORIAL 6,6006,DISTRITO 6,2553,LA LIGUA,7744,PICHICUY
3005,DE VALPARAISO,5006,CIRCUNSCRIPCIÓN SENATORIAL 6,6006,DISTRITO 6,2553,LA LIGUA,7745,PLAYA LOS MOLLES
3005,DE VALPARAISO,5006,CIRCUNSCRIPCIÓN SENATORIAL 6,6006,DISTRITO 6,2576,LIMACHE,7095,LIMACHE
3005,DE VALPARAISO,5006,CIRCUNSCRIPCIÓN SENATORIAL 6,6006,DISTRITO 6,2571,LLAILLAY,7087,LLAY-LLAY
3005,DE VALPARAISO,5006,CIRCUNSCRIPCIÓN SENATORIAL 6,6006,DISTRITO 6,2549,LOS ANDES,7079,ALTO ACONCAGUA
3005,DE VALPARAISO,5006,CIRCUNSCRIPCIÓN SENATORIAL 6,6006,DISTRITO 6,2549,LOS ANDES,7078,LOS ANDES
3005,DE VALPARAISO,5006,CIRCUNSCRIPCIÓN SENATORIAL 6,6006,DISTRITO 6,2562,NOGALES,7618,EL MELON
3005,DE VALPARAISO,5006,CIRCUNSCRIPCIÓN SENATORIAL 6,6006,DISTRITO 6,2562,NOGALES,7093,NOGALES
3005,DE VALPARAISO,5006,CIRCUNSCRIPCIÓN SENATORIAL 6,6006,DISTRITO 6,2577,OLMUE,7096,OLMUE
3005,DE VALPARAISO,5006,CIRCUNSCRIPCIÓN SENATORIAL 6,6006,DISTRITO 6,2572,PANQUEHUE,7086,PANQUEHUE
3005,DE VALPARAISO,5006,CIRCUNSCRIPCIÓN SENATORIAL 6,6006,DISTRITO 6,2555,PAPUDO,7077,PAPUDO
3005,DE VALPARAISO,5006,CIRCUNSCRIPCIÓN SENATORIAL 6,6006,DISTRITO 6,2555,PAPUDO,7746,PULLALLY
3005,DE VALPARAISO,5006,CIRCUNSCRIPCIÓN SENATORIAL 6,6006,DISTRITO 6,2556,PETORCA,7544,CHINCOLCO
3005,DE VALPARAISO,5006,CIRCUNSCRIPCIÓN SENATORIAL 6,6006,DISTRITO 6,2556,PETORCA,7073,PETORCA
3005,DE VALPARAISO,5006,CIRCUNSCRIPCIÓN SENATORIAL 6,6006,DISTRITO 6,2545,PUCHUNCAVI,7111,PUCHUNCAVI
3005,DE VALPARAISO,5006,CIRCUNSCRIPCIÓN SENATORIAL 6,6006,DISTRITO 6,2545,PUCHUNCAVI,7767,VENTANAS
3005,DE VALPARAISO,5006,CIRCUNSCRIPCIÓN SENATORIAL 6,6006,DISTRITO 6,2573,PUTAENDO,7084,PUTAENDO
3005,DE VALPARAISO,5006,CIRCUNSCRIPCIÓN SENATORIAL 6,6006,DISTRITO 6,2558,QUILLOTA,7089,QUILLOTA
3005,DE VALPARAISO,5006,CIRCUNSCRIPCIÓN SENATORIAL 6,6006,DISTRITO 6,2558,QUILLOTA,7638,SAN PEDRO DE QUILLOTA
3005,DE VALPARAISO,5006,CIRCUNSCRIPCIÓN SENATORIAL 6,6006,DISTRITO 6,2575,QUILPUE,7617,EL BELLOTO
3005,DE VALPARAISO,5006,CIRCUNSCRIPCIÓN SENATORIAL 6,6006,DISTRITO 6,2575,QUILPUE,7661,LOS MOLLES
3005,DE VALPARAISO,5006,CIRCUNSCRIPCIÓN SENATORIAL 6,6006,DISTRITO 6,2575,QUILPUE,7112,QUILPUE
3005,DE VALPARAISO,5006,CIRCUNSCRIPCIÓN SENATORIAL 6,6006,DISTRITO 6,2546,QUINTERO,7110,QUINTERO
3005,DE VALPARAISO,5006,CIRCUNSCRIPCIÓN SENATORIAL 6,6006,DISTRITO 6,2551,RINCONADA,7082,RINCONADA
3005,DE VALPARAISO,5006,CIRCUNSCRIPCIÓN SENATORIAL 6,6006,DISTRITO 6,2552,SAN ESTEBAN,7747,RIO COLORADO
3005,DE VALPARAISO,5006,CIRCUNSCRIPCIÓN SENATORIAL 6,6006,DISTRITO 6,2552,SAN ESTEBAN,7080,SAN ESTEBAN
3005,DE VALPARAISO,5006,CIRCUNSCRIPCIÓN SENATORIAL 6,6006,DISTRITO 6,2569,SAN FELIPE,7083,SAN FELIPE
3005,DE VALPARAISO,5006,CIRCUNSCRIPCIÓN SENATORIAL 6,6006,DISTRITO 6,2574,SANTA MARIA,7085,SANTA MARIA
3005,DE VALPARAISO,5006,CIRCUNSCRIPCIÓN SENATORIAL 6,6006,DISTRITO 6,2578,VILLA ALEMANA,7114,VILLA ALEMANA
3005,DE VALPARAISO,5006,CIRCUNSCRIPCIÓN SENATORIAL 6,6006,DISTRITO 6,2557,ZAPALLAR,7076,CATAPILCO
3005,DE VALPARAISO,5006,CIRCUNSCRIPCIÓN SENATORIAL 6,6006,DISTRITO 6,2557,ZAPALLAR,7075,ZAPALLAR
3005,DE VALPARAISO,5006,CIRCUNSCRIPCIÓN SENATORIAL 6,6007,DISTRITO 7,2564,ALGARROBO,7122,ALGARROBO
3005,DE VALPARAISO,5006,CIRCUNSCRIPCIÓN SENATORIAL 6,6007,DISTRITO 7,2565,CARTAGENA,7119,CARTAGENA
3005,DE VALPARAISO,5006,CIRCUNSCRIPCIÓN SENATORIAL 6,6007,DISTRITO 7,2542,CASABLANCA,7115,CASABLANCA
3005,DE VALPARAISO,5006,CIRCUNSCRIPCIÓN SENATORIAL 6,6007,DISTRITO 7,2543,CONCON,7109,CONCON
3005,DE VALPARAISO,5006,CIRCUNSCRIPCIÓN SENATORIAL 6,6007,DISTRITO 7,2566,EL QUISCO,7121,EL QUISCO
3005,DE VALPARAISO,5006,CIRCUNSCRIPCIÓN SENATORIAL 6,6007,DISTRITO 7,2567,EL TABO,7120,EL TABO
3005,DE VALPARAISO,5006,CIRCUNSCRIPCIÓN SENATORIAL 6,6007,DISTRITO 7,2548,ISLA DE PASCUA,7124,ISLA DE PASCUA
3005,DE VALPARAISO,5006,CIRCUNSCRIPCIÓN SENATORIAL 6,6007,DISTRITO 7,2544,JUAN FERNANDEZ,7116,JUAN FERNANDEZ
3005,DE VALPARAISO,5006,CIRCUNSCRIPCIÓN SENATORIAL 6,6007,DISTRITO 7,2563,SAN ANTONIO,7118,CUNCUMEN
3005,DE VALPARAISO,5006,CIRCUNSCRIPCIÓN SENATORIAL 6,6007,DISTRITO 7,2563,SAN ANTONIO,7117,SAN ANTONIO
3005,DE VALPARAISO,5006,CIRCUNSCRIPCIÓN SENATORIAL 6,6007,DISTRITO 7,2568,SANTO DOMINGO,7123,SANTO DOMINGO
3005,DE VALPARAISO,5006,CIRCUNSCRIPCIÓN SENATORIAL 6,6007,DISTRITO 7,2541,VALPARAISO,7099,BARON
3005,DE VALPARAISO,5006,CIRCUNSCRIPCIÓN SENATORIAL 6,6007,DISTRITO 7,2541,VALPARAISO,7097,EL PUERTO
3005,DE VALPARAISO,5006,CIRCUNSCRIPCIÓN SENATORIAL 6,6007,DISTRITO 7,2541,VALPARAISO,7646,LAGUNA VERDE
3005,DE VALPARAISO,5006,CIRCUNSCRIPCIÓN SENATORIAL 6,6007,DISTRITO 7,2541,VALPARAISO,7576,PLACILLA DE PEÑUELAS
3005,DE VALPARAISO,5006,CIRCUNSCRIPCIÓN SENATORIAL 6,6007,DISTRITO 7,2541,VALPARAISO,7101,PLAYA ANCHA
3005,DE VALPARAISO,5006,CIRCUNSCRIPCIÓN SENATORIAL 6,6007,DISTRITO 7,2547,VIÑA DEL MAR,7103,AGUA SANTA
3005,DE VALPARAISO,5006,CIRCUNSCRIPCIÓN SENATORIAL 6,6007,DISTRITO 7,2547,VIÑA DEL MAR,7108,FORESTAL
3005,DE VALPARAISO,5006,CIRCUNSCRIPCIÓN SENATORIAL 6,6007,DISTRITO 7,2547,VIÑA DEL MAR,7106,MIRAFLORES
3005,DE VALPARAISO,5006,CIRCUNSCRIPCIÓN SENATORIAL 6,6007,DISTRITO 7,2547,VIÑA DEL MAR,7748,REÑACA BAJO
3005,DE VALPARAISO,5006,CIRCUNSCRIPCIÓN SENATORIAL 6,6007,DISTRITO 7,2547,VIÑA DEL MAR,7104,SAUSALITO
3013,METROPOLITANA DE SANTIAGO,5007,CIRCUNSCRIPCIÓN SENATORIAL 7,6008,DISTRITO 8,2759,CERRILLOS,7162,CERRILLOS
3013,METROPOLITANA DE SANTIAGO,5007,CIRCUNSCRIPCIÓN SENATORIAL 7,6008,DISTRITO 8,2793,COLINA,7609,CHICUREO
3013,METROPOLITANA DE SANTIAGO,5007,CIRCUNSCRIPCIÓN SENATORIAL 7,6008,DISTRITO 8,2793,COLINA,7125,COLINA
3013,METROPOLITANA DE SANTIAGO,5007,CIRCUNSCRIPCIÓN SENATORIAL 7,6008,DISTRITO 8,2763,ESTACION CENTRAL,7140,ALAMEDA
3013,METROPOLITANA DE SANTIAGO,5007,CIRCUNSCRIPCIÓN SENATORIAL 7,6008,DISTRITO 8,2763,ESTACION CENTRAL,7142,LAS AMERICAS
3013,METROPOLITANA DE SANTIAGO,5007,CIRCUNSCRIPCIÓN SENATORIAL 7,6008,DISTRITO 8,2794,LAMPA,7662,BATUCO
3013,METROPOLITANA DE SANTIAGO,5007,CIRCUNSCRIPCIÓN SENATORIAL 7,6008,DISTRITO 8,2794,LAMPA,7126,LAMPA
3013,METROPOLITANA DE SANTIAGO,5007,CIRCUNSCRIPCIÓN SENATORIAL 7,6008,DISTRITO 8,2794,LAMPA,7663,VALLE GRANDE
3013,METROPOLITANA DE SANTIAGO,5007,CIRCUNSCRIPCIÓN SENATORIAL 7,6008,DISTRITO 8,2776,MAIPU,7664,CIUDAD SATELITE
3013,METROPOLITANA DE SANTIAGO,5007,CIRCUNSCRIPCIÓN SENATORIAL 7,6008,DISTRITO 8,2776,MAIPU,7608,LOS PAJARITOS
3013,METROPOLITANA DE SANTIAGO,5007,CIRCUNSCRIPCIÓN SENATORIAL 7,6008,DISTRITO 8,2776,MAIPU,7160,MAIPU
3013,METROPOLITANA DE SANTIAGO,5007,CIRCUNSCRIPCIÓN SENATORIAL 7,6008,DISTRITO 8,2776,MAIPU,7597,MAIPU PONIENTE
3013,METROPOLITANA DE SANTIAGO,5007,CIRCUNSCRIPCIÓN SENATORIAL 7,6008,DISTRITO 8,2781,PUDAHUEL,7665,CIUDAD DE LOS VALLES
3013,METROPOLITANA DE SANTIAGO,5007,CIRCUNSCRIPCIÓN SENATORIAL 7,6008,DISTRITO 8,2781,PUDAHUEL,7154,PUDAHUEL
3013,METROPOLITANA DE SANTIAGO,5007,CIRCUNSCRIPCIÓN SENATORIAL 7,6008,DISTRITO 8,2781,PUDAHUEL,7591,PUDAHUEL SUR
3013,METROPOLITANA DE SANTIAGO,5007,CIRCUNSCRIPCIÓN SENATORIAL 7,6008,DISTRITO 8,2782,QUILICURA,7149,QUILICURA
3013,METROPOLITANA DE SANTIAGO,5007,CIRCUNSCRIPCIÓN SENATORIAL 7,6008,DISTRITO 8,2795,TILTIL,7695,HUERTOS FAMILIARES
3013,METROPOLITANA DE SANTIAGO,5007,CIRCUNSCRIPCIÓN SENATORIAL 7,6008,DISTRITO 8,2795,TILTIL,7127,TILTIL
3013,METROPOLITANA DE SANTIAGO,5007,CIRCUNSCRIPCIÓN SENATORIAL 7,6009,DISTRITO 9,2760,CERRO NAVIA,7156,CERRO NAVIA
3013,METROPOLITANA DE SANTIAGO,5007,CIRCUNSCRIPCIÓN SENATORIAL 7,6009,DISTRITO 9,2761,CONCHALI,7146,EL CORTIJO
3013,METROPOLITANA DE SANTIAGO,5007,CIRCUNSCRIPCIÓN SENATORIAL 7,6009,DISTRITO 9,2761,CONCHALI,7144,LO NEGRETE
3013,METROPOLITANA DE SANTIAGO,5007,CIRCUNSCRIPCIÓN SENATORIAL 7,6009,DISTRITO 9,2764,HUECHURABA,7148,HUECHURABA
3013,METROPOLITANA DE SANTIAGO,5007,CIRCUNSCRIPCIÓN SENATORIAL 7,6009,DISTRITO 9,2764,HUECHURABA,7607,LOS LIBERTADORES
3013,METROPOLITANA DE SANTIAGO,5007,CIRCUNSCRIPCIÓN SENATORIAL 7,6009,DISTRITO 9,2765,INDEPENDENCIA,7134,INDEPENDENCIA
3013,METROPOLITANA DE SANTIAGO,5007,CIRCUNSCRIPCIÓN SENATORIAL 7,6009,DISTRITO 9,2774,LO PRADO,7158,LO PRADO
3013,METROPOLITANA DE SANTIAGO,5007,CIRCUNSCRIPCIÓN SENATORIAL 7,6009,DISTRITO 9,2783,QUINTA NORMAL,7152,QUINTA NORMAL
3013,METROPOLITANA DE SANTIAGO,5007,CIRCUNSCRIPCIÓN SENATORIAL 7,6009,DISTRITO 9,2784,RECOLETA,7136,RECOLETA NORTE
3013,METROPOLITANA DE SANTIAGO,5007,CIRCUNSCRIPCIÓN SENATORIAL 7,6009,DISTRITO 9,2784,RECOLETA,7138,RECOLETA SUR
3013,METROPOLITANA DE SANTIAGO,5007,CIRCUNSCRIPCIÓN SENATORIAL 7,6009,DISTRITO 9,2785,RENCA,7150,RENCA
3013,METROPOLITANA DE SANTIAGO,5007,CIRCUNSCRIPCIÓN SENATORIAL 7,6010,DISTRITO 10,2768,LA GRANJA,7172,LA GRANJA
3013,METROPOLITANA DE SANTIAGO,5007,CIRCUNSCRIPCIÓN SENATORIAL 7,6010,DISTRITO 10,2775,MACUL,7619,JOSE PEDRO ALESSANDRI
3013,METROPOLITANA DE SANTIAGO,5007,CIRCUNSCRIPCIÓN SENATORIAL 7,6010,DISTRITO 10,2775,MACUL,7191,MACUL
3013,METROPOLITANA DE SANTIAGO,5007,CIRCUNSCRIPCIÓN SENATORIAL 7,6010,DISTRITO 10,2777,ÑUÑOA,7189,ESTADIO NACIONAL
3013,METROPOLITANA DE SANTIAGO,5007,CIRCUNSCRIPCIÓN SENATORIAL 7,6010,DISTRITO 10,2777,ÑUÑOA,7190,PLAZA EGAÑA
3013,METROPOLITANA DE SANTIAGO,5007,CIRCUNSCRIPCIÓN SENATORIAL 7,6010,DISTRITO 10,2777,ÑUÑOA,7188,PLAZA ÑUÑOA
3013,METROPOLITANA DE SANTIAGO,5007,CIRCUNSCRIPCIÓN SENATORIAL 7,6010,DISTRITO 10,2780,PROVIDENCIA,7198,PROVIDENCIA
3013,METROPOLITANA DE SANTIAGO,5007,CIRCUNSCRIPCIÓN SENATORIAL 7,6010,DISTRITO 10,2786,SAN JOAQUIN,7183,SAN JOAQUIN
3013,METROPOLITANA DE SANTIAGO,5007,CIRCUNSCRIPCIÓN SENATORIAL 7,6010,DISTRITO 10,2758,SANTIAGO,7128,EL CENTRO
3013,METROPOLITANA DE SANTIAGO,5007,CIRCUNSCRIPCIÓN SENATORIAL 7,6010,DISTRITO 10,2758,SANTIAGO,7130,PARQUE ALMAGRO
3013,METROPOLITANA DE SANTIAGO,5007,CIRCUNSCRIPCIÓN SENATORIAL 7,6010,DISTRITO 10,2758,SANTIAGO,7132,PARQUE O'HIGGINS
3013,METROPOLITANA DE SANTIAGO,5007,CIRCUNSCRIPCIÓN SENATORIAL 7,6011,DISTRITO 11,2770,LA REINA,7196,LA REINA
3013,METROPOLITANA DE SANTIAGO,5007,CIRCUNSCRIPCIÓN SENATORIAL 7,6011,DISTRITO 11,2771,LAS CONDES,7202,APOQUINDO
3013,METROPOLITANA DE SANTIAGO,5007,CIRCUNSCRIPCIÓN SENATORIAL 7,6011,DISTRITO 11,2771,LAS CONDES,7200,EL GOLF
3013,METROPOLITANA DE SANTIAGO,5007,CIRCUNSCRIPCIÓN SENATORIAL 7,6011,DISTRITO 11,2772,LO BARNECHEA,7206,LO BARNECHEA
3013,METROPOLITANA DE SANTIAGO,5007,CIRCUNSCRIPCIÓN SENATORIAL 7,6011,DISTRITO 11,2779,PEÑALOLEN,7620,CONSISTORIAL
3013,METROPOLITANA DE SANTIAGO,5007,CIRCUNSCRIPCIÓN SENATORIAL 7,6011,DISTRITO 11,2779,PEÑALOLEN,7193,PEÑALOLEN
3013,METROPOLITANA DE SANTIAGO,5007,CIRCUNSCRIPCIÓN SENATORIAL 7,6011,DISTRITO 11,2779,PEÑALOLEN,7195,SAN LUIS
3013,METROPOLITANA DE SANTIAGO,5007,CIRCUNSCRIPCIÓN SENATORIAL 7,6011,DISTRITO 11,2789,VITACURA,7204,VITACURA
3013,METROPOLITANA DE SANTIAGO,5007,CIRCUNSCRIPCIÓN SENATORIAL 7,6012,DISTRITO 12,2767,LA FLORIDA,7185,BELLAVISTA
3013,METROPOLITANA DE SANTIAGO,5007,CIRCUNSCRIPCIÓN SENATORIAL 7,6012,DISTRITO 12,2767,LA FLORIDA,7187,SAN JOSE DE LA ESTRELLA
3013,METROPOLITANA DE SANTIAGO,5007,CIRCUNSCRIPCIÓN SENATORIAL 7,6012,DISTRITO 12,2767,LA FLORIDA,7186,TRINIDAD
3013,METROPOLITANA DE SANTIAGO,5007,CIRCUNSCRIPCIÓN SENATORIAL 7,6012,DISTRITO 12,2769,LA PINTANA,7174,LA PINTANA
3013,METROPOLITANA DE SANTIAGO,5007,CIRCUNSCRIPCIÓN SENATORIAL 7,6012,DISTRITO 12,2769,LA PINTANA,7765,OBSERVATORIO
3013,METROPOLITANA DE SANTIAGO,5007,CIRCUNSCRIPCIÓN SENATORIAL 7,6012,DISTRITO 12,2791,PIRQUE,7696,EL PRINCIPAL
3013,METROPOLITANA DE SANTIAGO,5007,CIRCUNSCRIPCIÓN SENATORIAL 7,6012,DISTRITO 12,2791,PIRQUE,7209,PIRQUE
3013,METROPOLITANA DE SANTIAGO,5007,CIRCUNSCRIPCIÓN SENATORIAL 7,6012,DISTRITO 12,2790,PUENTE ALTO,7657,BAJOS DE MENA
3013,METROPOLITANA DE SANTIAGO,5007,CIRCUNSCRIPCIÓN SENATORIAL 7,6012,DISTRITO 12,2790,PUENTE ALTO,7207,PUENTE ALTO
3013,METROPOLITANA DE SANTIAGO,5007,CIRCUNSCRIPCIÓN SENATORIAL 7,6012,DISTRITO 12,2790,PUENTE ALTO,7666,SOTERO DEL RIO
3013,METROPOLITANA DE SANTIAGO,5007,CIRCUNSCRIPCIÓN SENATORIAL 7,6012,DISTRITO 12,2792,SAN JOSE DE MAIPO,7210,SAN JOSE DE MAIPO
3013,METROPOLITANA DE SANTIAGO,5007,CIRCUNSCRIPCIÓN SENATORIAL 7,6013,DISTRITO 13,2762,EL BOSQUE,7171,CAPITAN AVALOS
3013,METROPOLITANA DE SANTIAGO,5007,CIRCUNSCRIPCIÓN SENATORIAL 7,6013,DISTRITO 13,2762,EL BOSQUE,7169,LUIS CRUZ MARTINEZ
3013,METROPOLITANA DE SANTIAGO,5007,CIRCUNSCRIPCIÓN SENATORIAL 7,6013,DISTRITO 13,2766,LA CISTERNA,7164,LA CISTERNA
3013,METROPOLITANA DE SANTIAGO,5007,CIRCUNSCRIPCIÓN SENATORIAL 7,6013,DISTRITO 13,2773,LO ESPEJO,7166,ESTACION LO ESPEJO
3013,METROPOLITANA DE SANTIAGO,5007,CIRCUNSCRIPCIÓN SENATORIAL 7,6013,DISTRITO 13,2773,LO ESPEJO,7167,LO VALLEDOR
3013,METROPOLITANA DE SANTIAGO,5007,CIRCUNSCRIPCIÓN SENATORIAL 7,6013,DISTRITO 13,2778,PEDRO AGUIRRE CERDA,7180,P AGUIRRE CERDA N.
3013,METROPOLITANA DE SANTIAGO,5007,CIRCUNSCRIPCIÓN SENATORIAL 7,6013,DISTRITO 13,2778,PEDRO AGUIRRE CERDA,7181,P AGUIRRE CERDA S.
3013,METROPOLITANA DE SANTIAGO,5007,CIRCUNSCRIPCIÓN SENATORIAL 7,6013,DISTRITO 13,2787,SAN MIGUEL,7178,SAN MIGUEL
3013,METROPOLITANA DE SANTIAGO,5007,CIRCUNSCRIPCIÓN SENATORIAL 7,6013,DISTRITO 13,2788,SAN RAMON,7176,SAN RAMON
3013,METROPOLITANA DE SANTIAGO,5007,CIRCUNSCRIPCIÓN SENATORIAL 7,6014,DISTRITO 14,2801,ALHUE,7218,ALHUE
3013,METROPOLITANA DE SANTIAGO,5007,CIRCUNSCRIPCIÓN SENATORIAL 7,6014,DISTRITO 14,2797,BUIN,7764,ALTO JAHUEL
3013,METROPOLITANA DE SANTIAGO,5007,CIRCUNSCRIPCIÓN SENATORIAL 7,6014,DISTRITO 14,2797,BUIN,7214,BUIN
3013,METROPOLITANA DE SANTIAGO,5007,CIRCUNSCRIPCIÓN SENATORIAL 7,6014,DISTRITO 14,2797,BUIN,7763,VALDIVIA DE PAINE
3013,METROPOLITANA DE SANTIAGO,5007,CIRCUNSCRIPCIÓN SENATORIAL 7,6014,DISTRITO 14,2798,CALERA DE TANGO,7213,CALERA DE TANGO
3013,METROPOLITANA DE SANTIAGO,5007,CIRCUNSCRIPCIÓN SENATORIAL 7,6014,DISTRITO 14,2802,CURACAVI,7219,CURACAVI
3013,METROPOLITANA DE SANTIAGO,5007,CIRCUNSCRIPCIÓN SENATORIAL 7,6014,DISTRITO 14,2806,EL MONTE,7224,EL MONTE
3013,METROPOLITANA DE SANTIAGO,5007,CIRCUNSCRIPCIÓN SENATORIAL 7,6014,DISTRITO 14,2807,ISLA DE MAIPO,7225,ISLA DE MAIPO
3013,METROPOLITANA DE SANTIAGO,5007,CIRCUNSCRIPCIÓN SENATORIAL 7,6014,DISTRITO 14,2803,MARIA PINTO,7220,MARIA PINTO
3013,METROPOLITANA DE SANTIAGO,5007,CIRCUNSCRIPCIÓN SENATORIAL 7,6014,DISTRITO 14,2800,MELIPILLA,7216,MELIPILLA
3013,METROPOLITANA DE SANTIAGO,5007,CIRCUNSCRIPCIÓN SENATORIAL 7,6014,DISTRITO 14,2808,PADRE HURTADO,7574,PADRE HURTADO
3013,METROPOLITANA DE SANTIAGO,5007,CIRCUNSCRIPCIÓN SENATORIAL 7,6014,DISTRITO 14,2799,PAINE,7534,CHAMPA
3013,METROPOLITANA DE SANTIAGO,5007,CIRCUNSCRIPCIÓN SENATORIAL 7,6014,DISTRITO 14,2799,PAINE,7590,HUELQUEN
3013,METROPOLITANA DE SANTIAGO,5007,CIRCUNSCRIPCIÓN SENATORIAL 7,6014,DISTRITO 14,2799,PAINE,7215,PAINE
3013,METROPOLITANA DE SANTIAGO,5007,CIRCUNSCRIPCIÓN SENATORIAL 7,6014,DISTRITO 14,2809,PEÑAFLOR,7223,PEÑAFLOR
3013,METROPOLITANA DE SANTIAGO,5007,CIRCUNSCRIPCIÓN SENATORIAL 7,6014,DISTRITO 14,2796,SAN BERNARDO,7766,LO HERRERA
3013,METROPOLITANA DE SANTIAGO,5007,CIRCUNSCRIPCIÓN SENATORIAL 7,6014,DISTRITO 14,2796,SAN BERNARDO,7211,SAN BERNARDO
3013,METROPOLITANA DE SANTIAGO,5007,CIRCUNSCRIPCIÓN SENATORIAL 7,6014,DISTRITO 14,2804,SAN PEDRO,7221,SAN PEDRO
3013,METROPOLITANA DE SANTIAGO,5007,CIRCUNSCRIPCIÓN SENATORIAL 7,6014,DISTRITO 14,2805,TALAGANTE,7222,TALAGANTE
3006,DEL LIBERTADOR GENERAL BERNARDO O'HIGGINS,5008,CIRCUNSCRIPCIÓN SENATORIAL 8,6015,DISTRITO 15,2580,CODEGUA,7230,CODEGUA
3006,DEL LIBERTADOR GENERAL BERNARDO O'HIGGINS,5008,CIRCUNSCRIPCIÓN SENATORIAL 8,6015,DISTRITO 15,2581,COINCO,7242,COINCO
3006,DEL LIBERTADOR GENERAL BERNARDO O'HIGGINS,5008,CIRCUNSCRIPCIÓN SENATORIAL 8,6015,DISTRITO 15,2582,COLTAUCO,7241,COLTAUCO
3006,DEL LIBERTADOR GENERAL BERNARDO O'HIGGINS,5008,CIRCUNSCRIPCIÓN SENATORIAL 8,6015,DISTRITO 15,2583,DOÑIHUE,7243,DOÑIHUE
3006,DEL LIBERTADOR GENERAL BERNARDO O'HIGGINS,5008,CIRCUNSCRIPCIÓN SENATORIAL 8,6015,DISTRITO 15,2583,DOÑIHUE,7515,LO MIRANDA
3006,DEL LIBERTADOR GENERAL BERNARDO O'HIGGINS,5008,CIRCUNSCRIPCIÓN SENATORIAL 8,6015,DISTRITO 15,2584,GRANEROS,7228,GRANEROS
3006,DEL LIBERTADOR GENERAL BERNARDO O'HIGGINS,5008,CIRCUNSCRIPCIÓN SENATORIAL 8,6015,DISTRITO 15,2586,MACHALI,7536,COYA
3006,DEL LIBERTADOR GENERAL BERNARDO O'HIGGINS,5008,CIRCUNSCRIPCIÓN SENATORIAL 8,6015,DISTRITO 15,2586,MACHALI,7231,MACHALI
3006,DEL LIBERTADOR GENERAL BERNARDO O'HIGGINS,5008,CIRCUNSCRIPCIÓN SENATORIAL 8,6015,DISTRITO 15,2587,MALLOA,7235,MALLOA
3006,DEL LIBERTADOR GENERAL BERNARDO O'HIGGINS,5008,CIRCUNSCRIPCIÓN SENATORIAL 8,6015,DISTRITO 15,2587,MALLOA,7577,PELEQUEN
3006,DEL LIBERTADOR GENERAL BERNARDO O'HIGGINS,5008,CIRCUNSCRIPCIÓN SENATORIAL 8,6015,DISTRITO 15,2588,MOSTAZAL,7703,LA PUNTA
3006,DEL LIBERTADOR GENERAL BERNARDO O'HIGGINS,5008,CIRCUNSCRIPCIÓN SENATORIAL 8,6015,DISTRITO 15,2588,MOSTAZAL,7229,MOSTAZAL
3006,DEL LIBERTADOR GENERAL BERNARDO O'HIGGINS,5008,CIRCUNSCRIPCIÓN SENATORIAL 8,6015,DISTRITO 15,2589,OLIVAR,7621,GULTRO
3006,DEL LIBERTADOR GENERAL BERNARDO O'HIGGINS,5008,CIRCUNSCRIPCIÓN SENATORIAL 8,6015,DISTRITO 15,2589,OLIVAR,7232,OLIVAR (ALTO)
3006,DEL LIBERTADOR GENERAL BERNARDO O'HIGGINS,5008,CIRCUNSCRIPCIÓN SENATORIAL 8,6015,DISTRITO 15,2592,QUINTA DE TILCOCO,7236,QUINTA DE TILCOCO
3006,DEL LIBERTADOR GENERAL BERNARDO O'HIGGINS,5008,CIRCUNSCRIPCIÓN SENATORIAL 8,6015,DISTRITO 15,2579,RANCAGUA,7226,RANCAGUA
3006,DEL LIBERTADOR GENERAL BERNARDO O'HIGGINS,5008,CIRCUNSCRIPCIÓN SENATORIAL 8,6015,DISTRITO 15,2579,RANCAGUA,7535,RANCAGUA ORIENTE
3006,DEL LIBERTADOR GENERAL BERNARDO O'HIGGINS,5008,CIRCUNSCRIPCIÓN SENATORIAL 8,6015,DISTRITO 15,2593,RENGO,7693,ESMERALDA
3006,DEL LIBERTADOR GENERAL BERNARDO O'HIGGINS,5008,CIRCUNSCRIPCIÓN SENATORIAL 8,6015,DISTRITO 15,2593,RENGO,7234,RENGO
3006,DEL LIBERTADOR GENERAL BERNARDO O'HIGGINS,5008,CIRCUNSCRIPCIÓN SENATORIAL 8,6015,DISTRITO 15,2593,RENGO,7554,ROSARIO
3006,DEL LIBERTADOR GENERAL BERNARDO O'HIGGINS,5008,CIRCUNSCRIPCIÓN SENATORIAL 8,6015,DISTRITO 15,2594,REQUINOA,7622,LOS LIRIOS
3006,DEL LIBERTADOR GENERAL BERNARDO O'HIGGINS,5008,CIRCUNSCRIPCIÓN SENATORIAL 8,6015,DISTRITO 15,2594,REQUINOA,7233,REQUINOA
3006,DEL LIBERTADOR GENERAL BERNARDO O'HIGGINS,5008,CIRCUNSCRIPCIÓN SENATORIAL 8,6016,DISTRITO 16,2603,CHEPICA,7250,CHEPICA
3006,DEL LIBERTADOR GENERAL BERNARDO O'HIGGINS,5008,CIRCUNSCRIPCIÓN SENATORIAL 8,6016,DISTRITO 16,2604,CHIMBARONGO,7247,CHIMBARONGO
3006,DEL LIBERTADOR GENERAL BERNARDO O'HIGGINS,5008,CIRCUNSCRIPCIÓN SENATORIAL 8,6016,DISTRITO 16,2597,LA ESTRELLA,7259,LA ESTRELLA
3006,DEL LIBERTADOR GENERAL BERNARDO O'HIGGINS,5008,CIRCUNSCRIPCIÓN SENATORIAL 8,6016,DISTRITO 16,2585,LAS CABRAS,7245,LAGO RAPEL (EL MANZANO)
3006,DEL LIBERTADOR GENERAL BERNARDO O'HIGGINS,5008,CIRCUNSCRIPCIÓN SENATORIAL 8,6016,DISTRITO 16,2585,LAS CABRAS,7244,LAS CABRAS
3006,DEL LIBERTADOR GENERAL BERNARDO O'HIGGINS,5008,CIRCUNSCRIPCIÓN SENATORIAL 8,6016,DISTRITO 16,2598,LITUECHE,7258,LITUECHE
3006,DEL LIBERTADOR GENERAL BERNARDO O'HIGGINS,5008,CIRCUNSCRIPCIÓN SENATORIAL 8,6016,DISTRITO 16,2605,LOLOL,7252,LOLOL
3006,DEL LIBERTADOR GENERAL BERNARDO O'HIGGINS,5008,CIRCUNSCRIPCIÓN SENATORIAL 8,6016,DISTRITO 16,2599,MARCHIGUE,7260,MARCHIGUE
3006,DEL LIBERTADOR GENERAL BERNARDO O'HIGGINS,5008,CIRCUNSCRIPCIÓN SENATORIAL 8,6016,DISTRITO 16,2606,NANCAGUA,7249,NANCAGUA
3006,DEL LIBERTADOR GENERAL BERNARDO O'HIGGINS,5008,CIRCUNSCRIPCIÓN SENATORIAL 8,6016,DISTRITO 16,2600,NAVIDAD,7257,NAVIDAD
3006,DEL LIBERTADOR GENERAL BERNARDO O'HIGGINS,5008,CIRCUNSCRIPCIÓN SENATORIAL 8,6016,DISTRITO 16,2607,PALMILLA,7254,PALMILLA
3006,DEL LIBERTADOR GENERAL BERNARDO O'HIGGINS,5008,CIRCUNSCRIPCIÓN SENATORIAL 8,6016,DISTRITO 16,2601,PAREDONES,7704,BUCALEMU
3006,DEL LIBERTADOR GENERAL BERNARDO O'HIGGINS,5008,CIRCUNSCRIPCIÓN SENATORIAL 8,6016,DISTRITO 16,2601,PAREDONES,7261,PAREDONES
3006,DEL LIBERTADOR GENERAL BERNARDO O'HIGGINS,5008,CIRCUNSCRIPCIÓN SENATORIAL 8,6016,DISTRITO 16,2601,PAREDONES,7262,SAN PEDRO DE ALCANTARA
3006,DEL LIBERTADOR GENERAL BERNARDO O'HIGGINS,5008,CIRCUNSCRIPCIÓN SENATORIAL 8,6016,DISTRITO 16,2608,PERALILLO,7255,PERALILLO
3006,DEL LIBERTADOR GENERAL BERNARDO O'HIGGINS,5008,CIRCUNSCRIPCIÓN SENATORIAL 8,6016,DISTRITO 16,2590,PEUMO,7240,PEUMO
3006,DEL LIBERTADOR GENERAL BERNARDO O'HIGGINS,5008,CIRCUNSCRIPCIÓN SENATORIAL 8,6016,DISTRITO 16,2591,PICHIDEGUA,7239,PICHIDEGUA
3006,DEL LIBERTADOR GENERAL BERNARDO O'HIGGINS,5008,CIRCUNSCRIPCIÓN SENATORIAL 8,6016,DISTRITO 16,2596,PICHILEMU,7256,PICHILEMU
3006,DEL LIBERTADOR GENERAL BERNARDO O'HIGGINS,5008,CIRCUNSCRIPCIÓN SENATORIAL 8,6016,DISTRITO 16,2609,PLACILLA,7248,PLACILLA
3006,DEL LIBERTADOR GENERAL BERNARDO O'HIGGINS,5008,CIRCUNSCRIPCIÓN SENATORIAL 8,6016,DISTRITO 16,2610,PUMANQUE,7253,PUMANQUE
3006,DEL LIBERTADOR GENERAL BERNARDO O'HIGGINS,5008,CIRCUNSCRIPCIÓN SENATORIAL 8,6016,DISTRITO 16,2602,SAN FERNANDO,7623,PUENTE NEGRO
3006,DEL LIBERTADOR GENERAL BERNARDO O'HIGGINS,5008,CIRCUNSCRIPCIÓN SENATORIAL 8,6016,DISTRITO 16,2602,SAN FERNANDO,7246,SAN FERNANDO
3006,DEL LIBERTADOR GENERAL BERNARDO O'HIGGINS,5008,CIRCUNSCRIPCIÓN SENATORIAL 8,6016,DISTRITO 16,2595,SAN VICENTE,7721,EL TAMBO
3006,DEL LIBERTADOR GENERAL BERNARDO O'HIGGINS,5008,CIRCUNSCRIPCIÓN SENATORIAL 8,6016,DISTRITO 16,2595,SAN VICENTE,7237,SAN VICENTE
3006,DEL LIBERTADOR GENERAL BERNARDO O'HIGGINS,5008,CIRCUNSCRIPCIÓN SENATORIAL 8,6016,DISTRITO 16,2595,SAN VICENTE,7238,ZUÑIGA
3006,DEL LIBERTADOR GENERAL BERNARDO O'HIGGINS,5008,CIRCUNSCRIPCIÓN SENATORIAL 8,6016,DISTRITO 16,2611,SANTA CRUZ,7251,SANTA CRUZ
3007,DEL MAULE,5009,CIRCUNSCRIPCIÓN SENATORIAL 9,6017,DISTRITO 17,2613,CONSTITUCION,7286,CONSTITUCION
3007,DEL MAULE,5009,CIRCUNSCRIPCIÓN SENATORIAL 9,6017,DISTRITO 17,2613,CONSTITUCION,7722,COSTA BLANCA
3007,DEL MAULE,5009,CIRCUNSCRIPCIÓN SENATORIAL 9,6017,DISTRITO 17,2613,CONSTITUCION,7287,PUTU
3007,DEL MAULE,5009,CIRCUNSCRIPCIÓN SENATORIAL 9,6017,DISTRITO 17,2613,CONSTITUCION,7624,SANTA OLGA
3007,DEL MAULE,5009,CIRCUNSCRIPCIÓN SENATORIAL 9,6017,DISTRITO 17,2614,CUREPTO,7288,CUREPTO
3007,DEL MAULE,5009,CIRCUNSCRIPCIÓN SENATORIAL 9,6017,DISTRITO 17,2614,CUREPTO,7289,GUALLECO
3007,DEL MAULE,5009,CIRCUNSCRIPCIÓN SENATORIAL 9,6017,DISTRITO 17,2614,CUREPTO,7290,HUAQUEN
3007,DEL MAULE,5009,CIRCUNSCRIPCIÓN SENATORIAL 9,6017,DISTRITO 17,2625,CURICO,7263,CURICO
3007,DEL MAULE,5009,CIRCUNSCRIPCIÓN SENATORIAL 9,6017,DISTRITO 17,2625,CURICO,7723,LOS NICHES
3007,DEL MAULE,5009,CIRCUNSCRIPCIÓN SENATORIAL 9,6017,DISTRITO 17,2625,CURICO,7724,SARMIENTO
3007,DEL MAULE,5009,CIRCUNSCRIPCIÓN SENATORIAL 9,6017,DISTRITO 17,2615,EMPEDRADO,7283,EMPEDRADO
3007,DEL MAULE,5009,CIRCUNSCRIPCIÓN SENATORIAL 9,6017,DISTRITO 17,2626,HUALAÑE,7271,HUALAÑE
3007,DEL MAULE,5009,CIRCUNSCRIPCIÓN SENATORIAL 9,6017,DISTRITO 17,2626,HUALAÑE,7567,LA HUERTA
3007,DEL MAULE,5009,CIRCUNSCRIPCIÓN SENATORIAL 9,6017,DISTRITO 17,2627,LICANTEN,7273,ILOCA
3007,DEL MAULE,5009,CIRCUNSCRIPCIÓN SENATORIAL 9,6017,DISTRITO 17,2627,LICANTEN,7272,LICANTEN
3007,DEL MAULE,5009,CIRCUNSCRIPCIÓN SENATORIAL 9,6017,DISTRITO 17,2616,MAULE,7550,COLIN
3007,DEL MAULE,5009,CIRCUNSCRIPCIÓN SENATORIAL 9,6017,DISTRITO 17,2616,MAULE,7667,DUAO
3007,DEL MAULE,5009,CIRCUNSCRIPCIÓN SENATORIAL 9,6017,DISTRITO 17,2616,MAULE,7282,MAULE
3007,DEL MAULE,5009,CIRCUNSCRIPCIÓN SENATORIAL 9,6017,DISTRITO 17,2628,MOLINA,7268,LONTUE
3007,DEL MAULE,5009,CIRCUNSCRIPCIÓN SENATORIAL 9,6017,DISTRITO 17,2628,MOLINA,7267,MOLINA
3007,DEL MAULE,5009,CIRCUNSCRIPCIÓN SENATORIAL 9,6017,DISTRITO 17,2628,MOLINA,7669,TRES ESQUINAS
3007,DEL MAULE,5009,CIRCUNSCRIPCIÓN SENATORIAL 9,6017,DISTRITO 17,2617,PELARCO,7278,PELARCO
3007,DEL MAULE,5009,CIRCUNSCRIPCIÓN SENATORIAL 9,6017,DISTRITO 17,2618,PENCAHUE,7600,CORINTO
3007,DEL MAULE,5009,CIRCUNSCRIPCIÓN SENATORIAL 9,6017,DISTRITO 17,2618,PENCAHUE,7284,PENCAHUE
3007,DEL MAULE,5009,CIRCUNSCRIPCIÓN SENATORIAL 9,6017,DISTRITO 17,2618,PENCAHUE,7701,PENCAHUE-BATUCO
3007,DEL MAULE,5009,CIRCUNSCRIPCIÓN SENATORIAL 9,6017,DISTRITO 17,2618,PENCAHUE,7285,TOCONEY
3007,DEL MAULE,5009,CIRCUNSCRIPCIÓN SENATORIAL 9,6017,DISTRITO 17,2629,RAUCO,7275,RAUCO
3007,DEL MAULE,5009,CIRCUNSCRIPCIÓN SENATORIAL 9,6017,DISTRITO 17,2619,RIO CLARO,7280,RIO CLARO (CUMPEO)
3007,DEL MAULE,5009,CIRCUNSCRIPCIÓN SENATORIAL 9,6017,DISTRITO 17,2630,ROMERAL,7266,ROMERAL
3007,DEL MAULE,5009,CIRCUNSCRIPCIÓN SENATORIAL 9,6017,DISTRITO 17,2631,SAGRADA FAMILIA,7269,SAGRADA FAMILIA
3007,DEL MAULE,5009,CIRCUNSCRIPCIÓN SENATORIAL 9,6017,DISTRITO 17,2631,SAGRADA FAMILIA,7270,VILLA PRAT
3007,DEL MAULE,5009,CIRCUNSCRIPCIÓN SENATORIAL 9,6017,DISTRITO 17,2620,SAN CLEMENTE,7281,SAN CLEMENTE
3007,DEL MAULE,5009,CIRCUNSCRIPCIÓN SENATORIAL 9,6017,DISTRITO 17,2620,SAN CLEMENTE,7668,VILCHES
3007,DEL MAULE,5009,CIRCUNSCRIPCIÓN SENATORIAL 9,6017,DISTRITO 17,2621,SAN RAFAEL,7279,SAN RAFAEL
3007,DEL MAULE,5009,CIRCUNSCRIPCIÓN SENATORIAL 9,6017,DISTRITO 17,2612,TALCA,7276,TALCA
3007,DEL MAULE,5009,CIRCUNSCRIPCIÓN SENATORIAL 9,6017,DISTRITO 17,2632,TENO,7265,TENO
3007,DEL MAULE,5009,CIRCUNSCRIPCIÓN SENATORIAL 9,6017,DISTRITO 17,2633,VICHUQUEN,7537,LLICO DE MATAQUITO
3007,DEL MAULE,5009,CIRCUNSCRIPCIÓN SENATORIAL 9,6017,DISTRITO 17,2633,VICHUQUEN,7274,VICHUQUEN
3007,DEL MAULE,5009,CIRCUNSCRIPCIÓN SENATORIAL 9,6018,DISTRITO 18,2622,CAUQUENES,7302,CAUQUENES
3007,DEL MAULE,5009,CIRCUNSCRIPCIÓN SENATORIAL 9,6018,DISTRITO 18,2622,CAUQUENES,7304,POCILLAS
3007,DEL MAULE,5009,CIRCUNSCRIPCIÓN SENATORIAL 9,6018,DISTRITO 18,2622,CAUQUENES,7303,SAUZAL
3007,DEL MAULE,5009,CIRCUNSCRIPCIÓN SENATORIAL 9,6018,DISTRITO 18,2623,CHANCO,7306,CHANCO
3007,DEL MAULE,5009,CIRCUNSCRIPCIÓN SENATORIAL 9,6018,DISTRITO 18,2635,COLBUN,7293,COLBUN
3007,DEL MAULE,5009,CIRCUNSCRIPCIÓN SENATORIAL 9,6018,DISTRITO 18,2634,LINARES,7291,LINARES
3007,DEL MAULE,5009,CIRCUNSCRIPCIÓN SENATORIAL 9,6018,DISTRITO 18,2636,LONGAVI,7294,LONGAVI
3007,DEL MAULE,5009,CIRCUNSCRIPCIÓN SENATORIAL 9,6018,DISTRITO 18,2637,PARRAL,7699,ARRAU-MENDEZ
3007,DEL MAULE,5009,CIRCUNSCRIPCIÓN SENATORIAL 9,6018,DISTRITO 18,2637,PARRAL,7700,BUENOS AIRES
3007,DEL MAULE,5009,CIRCUNSCRIPCIÓN SENATORIAL 9,6018,DISTRITO 18,2637,PARRAL,7296,CATILLO
3007,DEL MAULE,5009,CIRCUNSCRIPCIÓN SENATORIAL 9,6018,DISTRITO 18,2637,PARRAL,7295,PARRAL
3007,DEL MAULE,5009,CIRCUNSCRIPCIÓN SENATORIAL 9,6018,DISTRITO 18,2624,PELLUHUE,7305,PELLUHUE
3007,DEL MAULE,5009,CIRCUNSCRIPCIÓN SENATORIAL 9,6018,DISTRITO 18,2638,RETIRO,7297,RETIRO
3007,DEL MAULE,5009,CIRCUNSCRIPCIÓN SENATORIAL 9,6018,DISTRITO 18,2639,SAN JAVIER,7301,HUERTA DEL MAULE
3007,DEL MAULE,5009,CIRCUNSCRIPCIÓN SENATORIAL 9,6018,DISTRITO 18,2639,SAN JAVIER,7658,MELOZAL
3007,DEL MAULE,5009,CIRCUNSCRIPCIÓN SENATORIAL 9,6018,DISTRITO 18,2639,SAN JAVIER,7300,NIRIVILO
3007,DEL MAULE,5009,CIRCUNSCRIPCIÓN SENATORIAL 9,6018,DISTRITO 18,2639,SAN JAVIER,7299,SAN JAVIER
3007,DEL MAULE,5009,CIRCUNSCRIPCIÓN SENATORIAL 9,6018,DISTRITO 18,2640,VILLA ALEGRE,7298,VILLA ALEGRE
3007,DEL MAULE,5009,CIRCUNSCRIPCIÓN SENATORIAL 9,6018,DISTRITO 18,2641,YERBAS BUENAS,7648,ORILLA DEL MAULE
3007,DEL MAULE,5009,CIRCUNSCRIPCIÓN SENATORIAL 9,6018,DISTRITO 18,2641,YERBAS BUENAS,7292,YERBAS BUENAS
3016,DE ÑUBLE,5016,CIRCUNSCRIPCIÓN SENATORIAL 16,6019,DISTRITO 19,2827,BULNES,7322,BULNES
3016,DE ÑUBLE,5016,CIRCUNSCRIPCIÓN SENATORIAL 16,6019,DISTRITO 19,2827,BULNES,7595,SANTA CLARA
3016,DE ÑUBLE,5016,CIRCUNSCRIPCIÓN SENATORIAL 16,6019,DISTRITO 19,2826,CHILLAN,7307,CHILLAN
3016,DE ÑUBLE,5016,CIRCUNSCRIPCIÓN SENATORIAL 16,6019,DISTRITO 19,2826,CHILLAN,7309,QUINCHAMALI
3016,DE ÑUBLE,5016,CIRCUNSCRIPCIÓN SENATORIAL 16,6019,DISTRITO 19,2828,CHILLAN VIEJO,7575,CHILLAN VIEJO
3016,DE ÑUBLE,5016,CIRCUNSCRIPCIÓN SENATORIAL 16,6019,DISTRITO 19,2828,CHILLAN VIEJO,7593,RUCAPEQUEN
3016,DE ÑUBLE,5016,CIRCUNSCRIPCIÓN SENATORIAL 16,6019,DISTRITO 19,2836,COBQUECURA,7729,BUCHUPUREO
3016,DE ÑUBLE,5016,CIRCUNSCRIPCIÓN SENATORIAL 16,6019,DISTRITO 19,2836,COBQUECURA,7329,COBQUECURA
3016,DE ÑUBLE,5016,CIRCUNSCRIPCIÓN SENATORIAL 16,6019,DISTRITO 19,2837,COELEMU,7327,COELEMU
3016,DE ÑUBLE,5016,CIRCUNSCRIPCIÓN SENATORIAL 16,6019,DISTRITO 19,2837,COELEMU,7641,GUARILIHUE
3016,DE ÑUBLE,5016,CIRCUNSCRIPCIÓN SENATORIAL 16,6019,DISTRITO 19,2837,COELEMU,7730,RANGUELMO
3016,DE ÑUBLE,5016,CIRCUNSCRIPCIÓN SENATORIAL 16,6019,DISTRITO 19,2837,COELEMU,7647,VEGAS DE ITATA
3016,DE ÑUBLE,5016,CIRCUNSCRIPCIÓN SENATORIAL 16,6019,DISTRITO 19,2843,COIHUECO,7315,BUSTAMANTE
3016,DE ÑUBLE,5016,CIRCUNSCRIPCIÓN SENATORIAL 16,6019,DISTRITO 19,2843,COIHUECO,7314,COIHUECO
3016,DE ÑUBLE,5016,CIRCUNSCRIPCIÓN SENATORIAL 16,6019,DISTRITO 19,2843,COIHUECO,7731,COIHUECO SUR
3016,DE ÑUBLE,5016,CIRCUNSCRIPCIÓN SENATORIAL 16,6019,DISTRITO 19,2829,EL CARMEN,7319,EL CARMEN
3016,DE ÑUBLE,5016,CIRCUNSCRIPCIÓN SENATORIAL 16,6019,DISTRITO 19,2838,NINHUE,7331,NINHUE
3016,DE ÑUBLE,5016,CIRCUNSCRIPCIÓN SENATORIAL 16,6019,DISTRITO 19,2844,ÑIQUEN,7312,ÑIQUEN
3016,DE ÑUBLE,5016,CIRCUNSCRIPCIÓN SENATORIAL 16,6019,DISTRITO 19,2830,PEMUCO,7697,GENERAL CRUZ
3016,DE ÑUBLE,5016,CIRCUNSCRIPCIÓN SENATORIAL 16,6019,DISTRITO 19,2830,PEMUCO,7321,PEMUCO
3016,DE ÑUBLE,5016,CIRCUNSCRIPCIÓN SENATORIAL 16,6019,DISTRITO 19,2831,PINTO,7316,PINTO
3016,DE ÑUBLE,5016,CIRCUNSCRIPCIÓN SENATORIAL 16,6019,DISTRITO 19,2831,PINTO,7317,RECINTO
3016,DE ÑUBLE,5016,CIRCUNSCRIPCIÓN SENATORIAL 16,6019,DISTRITO 19,2839,PORTEZUELO,7326,PORTEZUELO
3016,DE ÑUBLE,5016,CIRCUNSCRIPCIÓN SENATORIAL 16,6019,DISTRITO 19,2832,QUILLON,7324,CERRO NEGRO
3016,DE ÑUBLE,5016,CIRCUNSCRIPCIÓN SENATORIAL 16,6019,DISTRITO 19,2832,QUILLON,7323,QUILLON
3016,DE ÑUBLE,5016,CIRCUNSCRIPCIÓN SENATORIAL 16,6019,DISTRITO 19,2835,QUIRIHUE,7330,QUIRIHUE
3016,DE ÑUBLE,5016,CIRCUNSCRIPCIÓN SENATORIAL 16,6019,DISTRITO 19,2840,RANQUIL,7325,RANQUIL (ÑIPAS)
3016,DE ÑUBLE,5016,CIRCUNSCRIPCIÓN SENATORIAL 16,6019,DISTRITO 19,2842,SAN CARLOS,7311,CACHAPOAL
3016,DE ÑUBLE,5016,CIRCUNSCRIPCIÓN SENATORIAL 16,6019,DISTRITO 19,2842,SAN CARLOS,7310,SAN CARLOS
3016,DE ÑUBLE,5016,CIRCUNSCRIPCIÓN SENATORIAL 16,6019,DISTRITO 19,2845,SAN FABIAN,7313,SAN FABIAN
3016,DE ÑUBLE,5016,CIRCUNSCRIPCIÓN SENATORIAL 16,6019,DISTRITO 19,2833,SAN IGNACIO,7603,PUEBLO SECO
3016,DE ÑUBLE,5016,CIRCUNSCRIPCIÓN SENATORIAL 16,6019,DISTRITO 19,2833,SAN IGNACIO,7318,SAN IGNACIO
3016,DE ÑUBLE,5016,CIRCUNSCRIPCIÓN SENATORIAL 16,6019,DISTRITO 19,2846,SAN NICOLAS,7642,PUENTE ÑUBLE
3016,DE ÑUBLE,5016,CIRCUNSCRIPCIÓN SENATORIAL 16,6019,DISTRITO 19,2846,SAN NICOLAS,7332,SAN NICOLAS
3016,DE ÑUBLE,5016,CIRCUNSCRIPCIÓN SENATORIAL 16,6019,DISTRITO 19,2841,TREHUACO,7328,TREGUACO
3016,DE ÑUBLE,5016,CIRCUNSCRIPCIÓN SENATORIAL 16,6019,DISTRITO 19,2834,YUNGAY,7578,CAMPANARIO
3016,DE ÑUBLE,5016,CIRCUNSCRIPCIÓN SENATORIAL 16,6019,DISTRITO 19,2834,YUNGAY,7320,YUNGAY
3008,DEL BIOBIO,5010,CIRCUNSCRIPCIÓN SENATORIAL 10,6020,DISTRITO 20,2644,CHIGUAYANTE,7338,CHIGUAYANTE
3008,DEL BIOBIO,5010,CIRCUNSCRIPCIÓN SENATORIAL 10,6020,DISTRITO 20,2642,CONCEPCION,7335,ANDALIEN
3008,DEL BIOBIO,5010,CIRCUNSCRIPCIÓN SENATORIAL 10,6020,DISTRITO 20,2642,CONCEPCION,7333,CONCEPCION CENTRO
3008,DEL BIOBIO,5010,CIRCUNSCRIPCIÓN SENATORIAL 10,6020,DISTRITO 20,2643,CORONEL,7352,CORONEL
3008,DEL BIOBIO,5010,CIRCUNSCRIPCIÓN SENATORIAL 10,6020,DISTRITO 20,2643,CORONEL,7353,ISLA SANTA MARIA
3008,DEL BIOBIO,5010,CIRCUNSCRIPCIÓN SENATORIAL 10,6020,DISTRITO 20,2643,CORONEL,7626,LAGUNILLAS
3008,DEL BIOBIO,5010,CIRCUNSCRIPCIÓN SENATORIAL 10,6020,DISTRITO 20,2645,FLORIDA,7347,COPIULEMU
3008,DEL BIOBIO,5010,CIRCUNSCRIPCIÓN SENATORIAL 10,6020,DISTRITO 20,2645,FLORIDA,7346,FLORIDA
3008,DEL BIOBIO,5010,CIRCUNSCRIPCIÓN SENATORIAL 10,6020,DISTRITO 20,2653,HUALPEN,7341,HUALPEN
3008,DEL BIOBIO,5010,CIRCUNSCRIPCIÓN SENATORIAL 10,6020,DISTRITO 20,2646,HUALQUI,7348,HUALQUI
3008,DEL BIOBIO,5010,CIRCUNSCRIPCIÓN SENATORIAL 10,6020,DISTRITO 20,2646,HUALQUI,7349,TALCAMAVIDA
3008,DEL BIOBIO,5010,CIRCUNSCRIPCIÓN SENATORIAL 10,6020,DISTRITO 20,2648,PENCO,7640,LIRQUEN
3008,DEL BIOBIO,5010,CIRCUNSCRIPCIÓN SENATORIAL 10,6020,DISTRITO 20,2648,PENCO,7343,PENCO
3008,DEL BIOBIO,5010,CIRCUNSCRIPCIÓN SENATORIAL 10,6020,DISTRITO 20,2649,SAN PEDRO DE LA PAZ,7627,LOMAS COLORADAS
3008,DEL BIOBIO,5010,CIRCUNSCRIPCIÓN SENATORIAL 10,6020,DISTRITO 20,2649,SAN PEDRO DE LA PAZ,7337,SAN PEDRO DE LA PAZ
3008,DEL BIOBIO,5010,CIRCUNSCRIPCIÓN SENATORIAL 10,6020,DISTRITO 20,2650,SANTA JUANA,7350,SANTA JUANA
3008,DEL BIOBIO,5010,CIRCUNSCRIPCIÓN SENATORIAL 10,6020,DISTRITO 20,2651,TALCAHUANO,7625,LOS CERROS
3008,DEL BIOBIO,5010,CIRCUNSCRIPCIÓN SENATORIAL 10,6020,DISTRITO 20,2651,TALCAHUANO,7613,MEDIO CAMINO
3008,DEL BIOBIO,5010,CIRCUNSCRIPCIÓN SENATORIAL 10,6020,DISTRITO 20,2651,TALCAHUANO,7339,TALCAHUANO
3008,DEL BIOBIO,5010,CIRCUNSCRIPCIÓN SENATORIAL 10,6020,DISTRITO 20,2652,TOME,7345,DICHATO
3008,DEL BIOBIO,5010,CIRCUNSCRIPCIÓN SENATORIAL 10,6020,DISTRITO 20,2652,TOME,7539,RAFAEL
3008,DEL BIOBIO,5010,CIRCUNSCRIPCIÓN SENATORIAL 10,6020,DISTRITO 20,2652,TOME,7344,TOME
3008,DEL BIOBIO,5010,CIRCUNSCRIPCIÓN SENATORIAL 10,6021,DISTRITO 21,2674,ALTO BIOBIO,7363,ALTO BIOBIO
3008,DEL BIOBIO,5010,CIRCUNSCRIPCIÓN SENATORIAL 10,6021,DISTRITO 21,2674,ALTO BIOBIO,7726,CAUÑICU
3008,DEL BIOBIO,5010,CIRCUNSCRIPCIÓN SENATORIAL 10,6021,DISTRITO 21,2674,ALTO BIOBIO,7725,RALCO LEPOY
3008,DEL BIOBIO,5010,CIRCUNSCRIPCIÓN SENATORIAL 10,6021,DISTRITO 21,2662,ANTUCO,7360,ANTUCO
3008,DEL BIOBIO,5010,CIRCUNSCRIPCIÓN SENATORIAL 10,6021,DISTRITO 21,2655,ARAUCO,7376,ARAUCO
3008,DEL BIOBIO,5010,CIRCUNSCRIPCIÓN SENATORIAL 10,6021,DISTRITO 21,2655,ARAUCO,7655,CARAMPANGUE
3008,DEL BIOBIO,5010,CIRCUNSCRIPCIÓN SENATORIAL 10,6021,DISTRITO 21,2655,ARAUCO,7656,LARAQUETE
3008,DEL BIOBIO,5010,CIRCUNSCRIPCIÓN SENATORIAL 10,6021,DISTRITO 21,2655,ARAUCO,7587,LLICO
3008,DEL BIOBIO,5010,CIRCUNSCRIPCIÓN SENATORIAL 10,6021,DISTRITO 21,2655,ARAUCO,7728,PUNTA LAVAPIE
3008,DEL BIOBIO,5010,CIRCUNSCRIPCIÓN SENATORIAL 10,6021,DISTRITO 21,2655,ARAUCO,7727,RAMADILLAS
3008,DEL BIOBIO,5010,CIRCUNSCRIPCIÓN SENATORIAL 10,6021,DISTRITO 21,2655,ARAUCO,7698,TUBUL
3008,DEL BIOBIO,5010,CIRCUNSCRIPCIÓN SENATORIAL 10,6021,DISTRITO 21,2663,CABRERO,7357,CABRERO
3008,DEL BIOBIO,5010,CIRCUNSCRIPCIÓN SENATORIAL 10,6021,DISTRITO 21,2663,CABRERO,7546,MONTE AGUILA
3008,DEL BIOBIO,5010,CIRCUNSCRIPCIÓN SENATORIAL 10,6021,DISTRITO 21,2656,CAÑETE,7379,CAÑETE
3008,DEL BIOBIO,5010,CIRCUNSCRIPCIÓN SENATORIAL 10,6021,DISTRITO 21,2657,CONTULMO,7380,CONTULMO
3008,DEL BIOBIO,5010,CIRCUNSCRIPCIÓN SENATORIAL 10,6021,DISTRITO 21,2658,CURANILAHUE,7377,CURANILAHUE
3008,DEL BIOBIO,5010,CIRCUNSCRIPCIÓN SENATORIAL 10,6021,DISTRITO 21,2658,CURANILAHUE,7749,SAN JOSE DE COLICO
3008,DEL BIOBIO,5010,CIRCUNSCRIPCIÓN SENATORIAL 10,6021,DISTRITO 21,2664,LAJA,7368,LA LAJA
3008,DEL BIOBIO,5010,CIRCUNSCRIPCIÓN SENATORIAL 10,6021,DISTRITO 21,2654,LEBU,7375,ISLA MOCHA
3008,DEL BIOBIO,5010,CIRCUNSCRIPCIÓN SENATORIAL 10,6021,DISTRITO 21,2654,LEBU,7374,LEBU
3008,DEL BIOBIO,5010,CIRCUNSCRIPCIÓN SENATORIAL 10,6021,DISTRITO 21,2654,LEBU,7705,PEHUEN
3008,DEL BIOBIO,5010,CIRCUNSCRIPCIÓN SENATORIAL 10,6021,DISTRITO 21,2654,LEBU,7706,SANTA ROSA
3008,DEL BIOBIO,5010,CIRCUNSCRIPCIÓN SENATORIAL 10,6021,DISTRITO 21,2659,LOS ALAMOS,7670,ANTIHUALA
3008,DEL BIOBIO,5010,CIRCUNSCRIPCIÓN SENATORIAL 10,6021,DISTRITO 21,2659,LOS ALAMOS,7378,LOS ALAMOS
3008,DEL BIOBIO,5010,CIRCUNSCRIPCIÓN SENATORIAL 10,6021,DISTRITO 21,2661,LOS ANGELES,7751,CHACAYAL
3008,DEL BIOBIO,5010,CIRCUNSCRIPCIÓN SENATORIAL 10,6021,DISTRITO 21,2661,LOS ANGELES,7354,LOS ANGELES
3008,DEL BIOBIO,5010,CIRCUNSCRIPCIÓN SENATORIAL 10,6021,DISTRITO 21,2661,LOS ANGELES,7732,MILLANTU
3008,DEL BIOBIO,5010,CIRCUNSCRIPCIÓN SENATORIAL 10,6021,DISTRITO 21,2661,LOS ANGELES,7750,PAILLIHUE
3008,DEL BIOBIO,5010,CIRCUNSCRIPCIÓN SENATORIAL 10,6021,DISTRITO 21,2661,LOS ANGELES,7752,SALTOS DEL LAJA
3008,DEL BIOBIO,5010,CIRCUNSCRIPCIÓN SENATORIAL 10,6021,DISTRITO 21,2661,LOS ANGELES,7702,SAN CARLOS DE PUREN
3008,DEL BIOBIO,5010,CIRCUNSCRIPCIÓN SENATORIAL 10,6021,DISTRITO 21,2661,LOS ANGELES,7356,SANTA FE
3008,DEL BIOBIO,5010,CIRCUNSCRIPCIÓN SENATORIAL 10,6021,DISTRITO 21,2647,LOTA,7351,LOTA
3008,DEL BIOBIO,5010,CIRCUNSCRIPCIÓN SENATORIAL 10,6021,DISTRITO 21,2665,MULCHEN,7365,MULCHEN
3008,DEL BIOBIO,5010,CIRCUNSCRIPCIÓN SENATORIAL 10,6021,DISTRITO 21,2666,NACIMIENTO,7367,NACIMIENTO
3008,DEL BIOBIO,5010,CIRCUNSCRIPCIÓN SENATORIAL 10,6021,DISTRITO 21,2667,NEGRETE,7753,COIGUE
3008,DEL BIOBIO,5010,CIRCUNSCRIPCIÓN SENATORIAL 10,6021,DISTRITO 21,2667,NEGRETE,7366,NEGRETE
3008,DEL BIOBIO,5010,CIRCUNSCRIPCIÓN SENATORIAL 10,6021,DISTRITO 21,2668,QUILACO,7364,QUILACO
3008,DEL BIOBIO,5010,CIRCUNSCRIPCIÓN SENATORIAL 10,6021,DISTRITO 21,2669,QUILLECO,7649,LAS CANTERAS
3008,DEL BIOBIO,5010,CIRCUNSCRIPCIÓN SENATORIAL 10,6021,DISTRITO 21,2669,QUILLECO,7361,QUILLECO
3008,DEL BIOBIO,5010,CIRCUNSCRIPCIÓN SENATORIAL 10,6021,DISTRITO 21,2670,SAN ROSENDO,7369,SAN ROSENDO
3008,DEL BIOBIO,5010,CIRCUNSCRIPCIÓN SENATORIAL 10,6021,DISTRITO 21,2671,SANTA BARBARA,7362,SANTA BARBARA
3008,DEL BIOBIO,5010,CIRCUNSCRIPCIÓN SENATORIAL 10,6021,DISTRITO 21,2660,TIRUA,7381,TIRUA
3008,DEL BIOBIO,5010,CIRCUNSCRIPCIÓN SENATORIAL 10,6021,DISTRITO 21,2672,TUCAPEL,7604,POLCURA
3008,DEL BIOBIO,5010,CIRCUNSCRIPCIÓN SENATORIAL 10,6021,DISTRITO 21,2672,TUCAPEL,7659,TRUPAN
3008,DEL BIOBIO,5010,CIRCUNSCRIPCIÓN SENATORIAL 10,6021,DISTRITO 21,2672,TUCAPEL,7359,TUCAPEL
3008,DEL BIOBIO,5010,CIRCUNSCRIPCIÓN SENATORIAL 10,6021,DISTRITO 21,2672,TUCAPEL,7358,TUCAPEL (HUEPIL)
3008,DEL BIOBIO,5010,CIRCUNSCRIPCIÓN SENATORIAL 10,6021,DISTRITO 21,2673,YUMBEL,7371,RERE
3008,DEL BIOBIO,5010,CIRCUNSCRIPCIÓN SENATORIAL 10,6021,DISTRITO 21,2673,YUMBEL,7372,RIO CLARO
3008,DEL BIOBIO,5010,CIRCUNSCRIPCIÓN SENATORIAL 10,6021,DISTRITO 21,2673,YUMBEL,7373,TOMECO
3008,DEL BIOBIO,5010,CIRCUNSCRIPCIÓN SENATORIAL 10,6021,DISTRITO 21,2673,YUMBEL,7370,YUMBEL
3008,DEL BIOBIO,5010,CIRCUNSCRIPCIÓN SENATORIAL 10,6021,DISTRITO 21,2673,YUMBEL,7639,YUMBEL ESTACION
3009,DE LA ARAUCANIA,5011,CIRCUNSCRIPCIÓN SENATORIAL 11,6022,DISTRITO 22,2696,ANGOL,7382,ANGOL
3009,DE LA ARAUCANIA,5011,CIRCUNSCRIPCIÓN SENATORIAL 11,6022,DISTRITO 22,2696,ANGOL,7644,HUEQUEN
3009,DE LA ARAUCANIA,5011,CIRCUNSCRIPCIÓN SENATORIAL 11,6022,DISTRITO 22,2697,COLLIPULLI,7384,COLLIPULLI
3009,DE LA ARAUCANIA,5011,CIRCUNSCRIPCIÓN SENATORIAL 11,6022,DISTRITO 22,2697,COLLIPULLI,7605,MININCO
3009,DE LA ARAUCANIA,5011,CIRCUNSCRIPCIÓN SENATORIAL 11,6022,DISTRITO 22,2698,CURACAUTIN,7386,CURACAUTIN
3009,DE LA ARAUCANIA,5011,CIRCUNSCRIPCIÓN SENATORIAL 11,6022,DISTRITO 22,2698,CURACAUTIN,7671,MALALCAHUELLO
3009,DE LA ARAUCANIA,5011,CIRCUNSCRIPCIÓN SENATORIAL 11,6022,DISTRITO 22,2699,ERCILLA,7387,ERCILLA
3009,DE LA ARAUCANIA,5011,CIRCUNSCRIPCIÓN SENATORIAL 11,6022,DISTRITO 22,2699,ERCILLA,7643,PAILAHUEQUE
3009,DE LA ARAUCANIA,5011,CIRCUNSCRIPCIÓN SENATORIAL 11,6022,DISTRITO 22,2680,GALVARINO,7424,GALVARINO
3009,DE LA ARAUCANIA,5011,CIRCUNSCRIPCIÓN SENATORIAL 11,6022,DISTRITO 22,2682,LAUTARO,7400,LAUTARO
3009,DE LA ARAUCANIA,5011,CIRCUNSCRIPCIÓN SENATORIAL 11,6022,DISTRITO 22,2682,LAUTARO,7606,PILLANLELBUN
3009,DE LA ARAUCANIA,5011,CIRCUNSCRIPCIÓN SENATORIAL 11,6022,DISTRITO 22,2700,LONQUIMAY,7650,ICALMA
3009,DE LA ARAUCANIA,5011,CIRCUNSCRIPCIÓN SENATORIAL 11,6022,DISTRITO 22,2700,LONQUIMAY,7672,LIUCURA
3009,DE LA ARAUCANIA,5011,CIRCUNSCRIPCIÓN SENATORIAL 11,6022,DISTRITO 22,2700,LONQUIMAY,7385,LONQUIMAY
3009,DE LA ARAUCANIA,5011,CIRCUNSCRIPCIÓN SENATORIAL 11,6022,DISTRITO 22,2701,LOS SAUCES,7394,LOS SAUCES
3009,DE LA ARAUCANIA,5011,CIRCUNSCRIPCIÓN SENATORIAL 11,6022,DISTRITO 22,2702,LUMACO,7545,CAPITAN PASTENE
3009,DE LA ARAUCANIA,5011,CIRCUNSCRIPCIÓN SENATORIAL 11,6022,DISTRITO 22,2702,LUMACO,7391,LUMACO
3009,DE LA ARAUCANIA,5011,CIRCUNSCRIPCIÓN SENATORIAL 11,6022,DISTRITO 22,2702,LUMACO,7392,PICHIPELLAHUEN
3009,DE LA ARAUCANIA,5011,CIRCUNSCRIPCIÓN SENATORIAL 11,6022,DISTRITO 22,2684,MELIPEUCO,7406,MELIPEUCO
3009,DE LA ARAUCANIA,5011,CIRCUNSCRIPCIÓN SENATORIAL 11,6022,DISTRITO 22,2687,PERQUENCO,7401,PERQUENCO
3009,DE LA ARAUCANIA,5011,CIRCUNSCRIPCIÓN SENATORIAL 11,6022,DISTRITO 22,2703,PUREN,7393,PUREN
3009,DE LA ARAUCANIA,5011,CIRCUNSCRIPCIÓN SENATORIAL 11,6022,DISTRITO 22,2704,RENAICO,7383,RENAICO
3009,DE LA ARAUCANIA,5011,CIRCUNSCRIPCIÓN SENATORIAL 11,6022,DISTRITO 22,2704,RENAICO,7673,TIJERAL
3009,DE LA ARAUCANIA,5011,CIRCUNSCRIPCIÓN SENATORIAL 11,6022,DISTRITO 22,2705,TRAIGUEN,7390,TRAIGUEN
3009,DE LA ARAUCANIA,5011,CIRCUNSCRIPCIÓN SENATORIAL 11,6022,DISTRITO 22,2706,VICTORIA,7755,PUA
3009,DE LA ARAUCANIA,5011,CIRCUNSCRIPCIÓN SENATORIAL 11,6022,DISTRITO 22,2706,VICTORIA,7756,QUINO
3009,DE LA ARAUCANIA,5011,CIRCUNSCRIPCIÓN SENATORIAL 11,6022,DISTRITO 22,2706,VICTORIA,7389,SELVA OBSCURA
3009,DE LA ARAUCANIA,5011,CIRCUNSCRIPCIÓN SENATORIAL 11,6022,DISTRITO 22,2706,VICTORIA,7388,VICTORIA
3009,DE LA ARAUCANIA,5011,CIRCUNSCRIPCIÓN SENATORIAL 11,6022,DISTRITO 22,2693,VILCUN,7628,CAJON
3009,DE LA ARAUCANIA,5011,CIRCUNSCRIPCIÓN SENATORIAL 11,6022,DISTRITO 22,2693,VILCUN,7403,CHERQUENCO
3009,DE LA ARAUCANIA,5011,CIRCUNSCRIPCIÓN SENATORIAL 11,6022,DISTRITO 22,2693,VILCUN,7402,VILCUN
3009,DE LA ARAUCANIA,5011,CIRCUNSCRIPCIÓN SENATORIAL 11,6023,DISTRITO 23,2676,CARAHUE,7420,CARAHUE
3009,DE LA ARAUCANIA,5011,CIRCUNSCRIPCIÓN SENATORIAL 11,6023,DISTRITO 23,2676,CARAHUE,7540,NEHUENTUE
3009,DE LA ARAUCANIA,5011,CIRCUNSCRIPCIÓN SENATORIAL 11,6023,DISTRITO 23,2676,CARAHUE,7421,TROVOLHUE
3009,DE LA ARAUCANIA,5011,CIRCUNSCRIPCIÓN SENATORIAL 11,6023,DISTRITO 23,2695,CHOLCHOL,7423,CHOLCHOL
3009,DE LA ARAUCANIA,5011,CIRCUNSCRIPCIÓN SENATORIAL 11,6023,DISTRITO 23,2677,CUNCO,7404,CUNCO
3009,DE LA ARAUCANIA,5011,CIRCUNSCRIPCIÓN SENATORIAL 11,6023,DISTRITO 23,2677,CUNCO,7405,LOS LAURELES
3009,DE LA ARAUCANIA,5011,CIRCUNSCRIPCIÓN SENATORIAL 11,6023,DISTRITO 23,2678,CURARREHUE,7407,CURARREHUE
3009,DE LA ARAUCANIA,5011,CIRCUNSCRIPCIÓN SENATORIAL 11,6023,DISTRITO 23,2679,FREIRE,7410,FREIRE
3009,DE LA ARAUCANIA,5011,CIRCUNSCRIPCIÓN SENATORIAL 11,6023,DISTRITO 23,2679,FREIRE,7557,QUEPE
3009,DE LA ARAUCANIA,5011,CIRCUNSCRIPCIÓN SENATORIAL 11,6023,DISTRITO 23,2679,FREIRE,7556,RADAL
3009,DE LA ARAUCANIA,5011,CIRCUNSCRIPCIÓN SENATORIAL 11,6023,DISTRITO 23,2681,GORBEA,7413,GORBEA
3009,DE LA ARAUCANIA,5011,CIRCUNSCRIPCIÓN SENATORIAL 11,6023,DISTRITO 23,2681,GORBEA,7414,LASTARRIA
3009,DE LA ARAUCANIA,5011,CIRCUNSCRIPCIÓN SENATORIAL 11,6023,DISTRITO 23,2681,GORBEA,7631,QUITRATUE
3009,DE LA ARAUCANIA,5011,CIRCUNSCRIPCIÓN SENATORIAL 11,6023,DISTRITO 23,2683,LONCOCHE,7568,HUISCAPI
3009,DE LA ARAUCANIA,5011,CIRCUNSCRIPCIÓN SENATORIAL 11,6023,DISTRITO 23,2683,LONCOCHE,7754,LA PAZ
3009,DE LA ARAUCANIA,5011,CIRCUNSCRIPCIÓN SENATORIAL 11,6023,DISTRITO 23,2683,LONCOCHE,7415,LONCOCHE
3009,DE LA ARAUCANIA,5011,CIRCUNSCRIPCIÓN SENATORIAL 11,6023,DISTRITO 23,2685,NUEVA IMPERIAL,7422,NUEVA IMPERIAL
3009,DE LA ARAUCANIA,5011,CIRCUNSCRIPCIÓN SENATORIAL 11,6023,DISTRITO 23,2686,PADRE LAS CASAS,7399,PADRE LAS CASAS
3009,DE LA ARAUCANIA,5011,CIRCUNSCRIPCIÓN SENATORIAL 11,6023,DISTRITO 23,2686,PADRE LAS CASAS,7651,SAN RAMON (Padre las Casas)
3009,DE LA ARAUCANIA,5011,CIRCUNSCRIPCIÓN SENATORIAL 11,6023,DISTRITO 23,2688,PITRUFQUEN,7412,COMUY
3009,DE LA ARAUCANIA,5011,CIRCUNSCRIPCIÓN SENATORIAL 11,6023,DISTRITO 23,2688,PITRUFQUEN,7411,PITRUFQUEN
3009,DE LA ARAUCANIA,5011,CIRCUNSCRIPCIÓN SENATORIAL 11,6023,DISTRITO 23,2689,PUCON,7408,PUCON
3009,DE LA ARAUCANIA,5011,CIRCUNSCRIPCIÓN SENATORIAL 11,6023,DISTRITO 23,2690,SAAVEDRA,7419,PUERTO DOMINGUEZ
3009,DE LA ARAUCANIA,5011,CIRCUNSCRIPCIÓN SENATORIAL 11,6023,DISTRITO 23,2690,SAAVEDRA,7418,SAAVEDRA
3009,DE LA ARAUCANIA,5011,CIRCUNSCRIPCIÓN SENATORIAL 11,6023,DISTRITO 23,2675,TEMUCO,7397,CERRO ÑIELOL
3009,DE LA ARAUCANIA,5011,CIRCUNSCRIPCIÓN SENATORIAL 11,6023,DISTRITO 23,2675,TEMUCO,7735,FUNDO EL CARMEN
3009,DE LA ARAUCANIA,5011,CIRCUNSCRIPCIÓN SENATORIAL 11,6023,DISTRITO 23,2675,TEMUCO,7630,LABRANZA
3009,DE LA ARAUCANIA,5011,CIRCUNSCRIPCIÓN SENATORIAL 11,6023,DISTRITO 23,2675,TEMUCO,7629,PEDRO DE VALDIVIA (TEMUCO)
3009,DE LA ARAUCANIA,5011,CIRCUNSCRIPCIÓN SENATORIAL 11,6023,DISTRITO 23,2675,TEMUCO,7395,TEMUCO CENTRO
3009,DE LA ARAUCANIA,5011,CIRCUNSCRIPCIÓN SENATORIAL 11,6023,DISTRITO 23,2675,TEMUCO,7734,TEMUCO NORTE
3009,DE LA ARAUCANIA,5011,CIRCUNSCRIPCIÓN SENATORIAL 11,6023,DISTRITO 23,2675,TEMUCO,7733,TEMUCO SUR
3009,DE LA ARAUCANIA,5011,CIRCUNSCRIPCIÓN SENATORIAL 11,6023,DISTRITO 23,2691,TEODORO SCHMIDT,7594,BARROS ARANA
3009,DE LA ARAUCANIA,5011,CIRCUNSCRIPCIÓN SENATORIAL 11,6023,DISTRITO 23,2691,TEODORO SCHMIDT,7558,HUALPIN
3009,DE LA ARAUCANIA,5011,CIRCUNSCRIPCIÓN SENATORIAL 11,6023,DISTRITO 23,2691,TEODORO SCHMIDT,7417,TEODORO SCHMIDT
3009,DE LA ARAUCANIA,5011,CIRCUNSCRIPCIÓN SENATORIAL 11,6023,DISTRITO 23,2692,TOLTEN,7579,NUEVA TOLTEN
3009,DE LA ARAUCANIA,5011,CIRCUNSCRIPCIÓN SENATORIAL 11,6023,DISTRITO 23,2692,TOLTEN,7416,QUEULE
3009,DE LA ARAUCANIA,5011,CIRCUNSCRIPCIÓN SENATORIAL 11,6023,DISTRITO 23,2694,VILLARRICA,7569,LICAN-RAY
3009,DE LA ARAUCANIA,5011,CIRCUNSCRIPCIÓN SENATORIAL 11,6023,DISTRITO 23,2694,VILLARRICA,7674,ÑANCUL
3009,DE LA ARAUCANIA,5011,CIRCUNSCRIPCIÓN SENATORIAL 11,6023,DISTRITO 23,2694,VILLARRICA,7409,VILLARRICA
3014,DE LOS RIOS,5012,CIRCUNSCRIPCIÓN SENATORIAL 12,6024,DISTRITO 24,2811,CORRAL,7432,CORRAL
3014,DE LOS RIOS,5012,CIRCUNSCRIPCIÓN SENATORIAL 12,6024,DISTRITO 24,2811,CORRAL,7676,ISLA DEL REY
3014,DE LOS RIOS,5012,CIRCUNSCRIPCIÓN SENATORIAL 12,6024,DISTRITO 24,2819,FUTRONO,7677,CURRIÑE
3014,DE LOS RIOS,5012,CIRCUNSCRIPCIÓN SENATORIAL 12,6024,DISTRITO 24,2819,FUTRONO,7430,FUTRONO
3014,DE LOS RIOS,5012,CIRCUNSCRIPCIÓN SENATORIAL 12,6024,DISTRITO 24,2819,FUTRONO,7431,LLIFEN
3014,DE LOS RIOS,5012,CIRCUNSCRIPCIÓN SENATORIAL 12,6024,DISTRITO 24,2819,FUTRONO,7678,NONTUELA
3014,DE LOS RIOS,5012,CIRCUNSCRIPCIÓN SENATORIAL 12,6024,DISTRITO 24,2818,LA UNION,7437,LA UNION
3014,DE LOS RIOS,5012,CIRCUNSCRIPCIÓN SENATORIAL 12,6024,DISTRITO 24,2818,LA UNION,7685,PUERTO NUEVO
3014,DE LOS RIOS,5012,CIRCUNSCRIPCIÓN SENATORIAL 12,6024,DISTRITO 24,2820,LAGO RANCO,7742,IGNAO
3014,DE LOS RIOS,5012,CIRCUNSCRIPCIÓN SENATORIAL 12,6024,DISTRITO 24,2820,LAGO RANCO,7441,LAGO RANCO
3014,DE LOS RIOS,5012,CIRCUNSCRIPCIÓN SENATORIAL 12,6024,DISTRITO 24,2820,LAGO RANCO,7542,RIÑINAHUE
3014,DE LOS RIOS,5012,CIRCUNSCRIPCIÓN SENATORIAL 12,6024,DISTRITO 24,2812,LANCO,7428,LANCO
3014,DE LOS RIOS,5012,CIRCUNSCRIPCIÓN SENATORIAL 12,6024,DISTRITO 24,2812,LANCO,7560,MALALHUE
3014,DE LOS RIOS,5012,CIRCUNSCRIPCIÓN SENATORIAL 12,6024,DISTRITO 24,2813,LOS LAGOS,7583,ANTILHUE
3014,DE LOS RIOS,5012,CIRCUNSCRIPCIÓN SENATORIAL 12,6024,DISTRITO 24,2813,LOS LAGOS,7679,FOLILCO
3014,DE LOS RIOS,5012,CIRCUNSCRIPCIÓN SENATORIAL 12,6024,DISTRITO 24,2813,LOS LAGOS,7429,LOS LAGOS
3014,DE LOS RIOS,5012,CIRCUNSCRIPCIÓN SENATORIAL 12,6024,DISTRITO 24,2813,LOS LAGOS,7680,RIÑIHUE
3014,DE LOS RIOS,5012,CIRCUNSCRIPCIÓN SENATORIAL 12,6024,DISTRITO 24,2814,MAFIL,7433,MAFIL
3014,DE LOS RIOS,5012,CIRCUNSCRIPCIÓN SENATORIAL 12,6024,DISTRITO 24,2815,MARIQUINA,7681,CIRUELOS
3014,DE LOS RIOS,5012,CIRCUNSCRIPCIÓN SENATORIAL 12,6024,DISTRITO 24,2815,MARIQUINA,7427,MARIQUINA
3014,DE LOS RIOS,5012,CIRCUNSCRIPCIÓN SENATORIAL 12,6024,DISTRITO 24,2815,MARIQUINA,7580,MEHUIN
3014,DE LOS RIOS,5012,CIRCUNSCRIPCIÓN SENATORIAL 12,6024,DISTRITO 24,2815,MARIQUINA,7682,PELCHUQUIN
3014,DE LOS RIOS,5012,CIRCUNSCRIPCIÓN SENATORIAL 12,6024,DISTRITO 24,2816,PAILLACO,7438,PAILLACO
3014,DE LOS RIOS,5012,CIRCUNSCRIPCIÓN SENATORIAL 12,6024,DISTRITO 24,2816,PAILLACO,7652,PICHIRROPULLI
3014,DE LOS RIOS,5012,CIRCUNSCRIPCIÓN SENATORIAL 12,6024,DISTRITO 24,2816,PAILLACO,7654,REUMEN
3014,DE LOS RIOS,5012,CIRCUNSCRIPCIÓN SENATORIAL 12,6024,DISTRITO 24,2817,PANGUIPULLI,7436,CHOSHUENCO
3014,DE LOS RIOS,5012,CIRCUNSCRIPCIÓN SENATORIAL 12,6024,DISTRITO 24,2817,PANGUIPULLI,7541,COÑARIPE
3014,DE LOS RIOS,5012,CIRCUNSCRIPCIÓN SENATORIAL 12,6024,DISTRITO 24,2817,PANGUIPULLI,7435,LIQUIÑE
3014,DE LOS RIOS,5012,CIRCUNSCRIPCIÓN SENATORIAL 12,6024,DISTRITO 24,2817,PANGUIPULLI,7743,MELEFQUEN
3014,DE LOS RIOS,5012,CIRCUNSCRIPCIÓN SENATORIAL 12,6024,DISTRITO 24,2817,PANGUIPULLI,7633,NELTUME
3014,DE LOS RIOS,5012,CIRCUNSCRIPCIÓN SENATORIAL 12,6024,DISTRITO 24,2817,PANGUIPULLI,7434,PANGUIPULLI
3014,DE LOS RIOS,5012,CIRCUNSCRIPCIÓN SENATORIAL 12,6024,DISTRITO 24,2821,RIO BUENO,7683,CAYURRUCA
3014,DE LOS RIOS,5012,CIRCUNSCRIPCIÓN SENATORIAL 12,6024,DISTRITO 24,2821,RIO BUENO,7684,CRUCERO
3014,DE LOS RIOS,5012,CIRCUNSCRIPCIÓN SENATORIAL 12,6024,DISTRITO 24,2821,RIO BUENO,7440,MANTILHUE
3014,DE LOS RIOS,5012,CIRCUNSCRIPCIÓN SENATORIAL 12,6024,DISTRITO 24,2821,RIO BUENO,7439,RIO BUENO
3014,DE LOS RIOS,5012,CIRCUNSCRIPCIÓN SENATORIAL 12,6024,DISTRITO 24,2810,VALDIVIA,7686,LAS ANIMAS
3014,DE LOS RIOS,5012,CIRCUNSCRIPCIÓN SENATORIAL 12,6024,DISTRITO 24,2810,VALDIVIA,7653,NIEBLA
3014,DE LOS RIOS,5012,CIRCUNSCRIPCIÓN SENATORIAL 12,6024,DISTRITO 24,2810,VALDIVIA,7425,VALDIVIA
3010,DE LOS LAGOS,5013,CIRCUNSCRIPCIÓN SENATORIAL 13,6025,DISTRITO 25,2710,FRESIA,7462,FRESIA
3010,DE LOS LAGOS,5013,CIRCUNSCRIPCIÓN SENATORIAL 13,6025,DISTRITO 25,2710,FRESIA,7582,TEGUALDA
3010,DE LOS LAGOS,5013,CIRCUNSCRIPCIÓN SENATORIAL 13,6025,DISTRITO 25,2711,FRUTILLAR,7634,CASMA
3010,DE LOS LAGOS,5013,CIRCUNSCRIPCIÓN SENATORIAL 13,6025,DISTRITO 25,2711,FRUTILLAR,7464,FRUTILLAR
3010,DE LOS LAGOS,5013,CIRCUNSCRIPCIÓN SENATORIAL 13,6025,DISTRITO 25,2713,LLANQUIHUE,7463,LLANQUIHUE
3010,DE LOS LAGOS,5013,CIRCUNSCRIPCIÓN SENATORIAL 13,6025,DISTRITO 25,2712,LOS MUERMOS,7562,CAÑITAS
3010,DE LOS LAGOS,5013,CIRCUNSCRIPCIÓN SENATORIAL 13,6025,DISTRITO 25,2712,LOS MUERMOS,7461,LOS MUERMOS
3010,DE LOS LAGOS,5013,CIRCUNSCRIPCIÓN SENATORIAL 13,6025,DISTRITO 25,2726,OSORNO,7738,CANCURA
3010,DE LOS LAGOS,5013,CIRCUNSCRIPCIÓN SENATORIAL 13,6025,DISTRITO 25,2726,OSORNO,7442,OSORNO
3010,DE LOS LAGOS,5013,CIRCUNSCRIPCIÓN SENATORIAL 13,6025,DISTRITO 25,2726,OSORNO,7543,RAHUE
3010,DE LOS LAGOS,5013,CIRCUNSCRIPCIÓN SENATORIAL 13,6025,DISTRITO 25,2726,OSORNO,7711,RAHUE SUR
3010,DE LOS LAGOS,5013,CIRCUNSCRIPCIÓN SENATORIAL 13,6025,DISTRITO 25,2727,PUERTO OCTAY,7598,LAS CASCADAS
3010,DE LOS LAGOS,5013,CIRCUNSCRIPCIÓN SENATORIAL 13,6025,DISTRITO 25,2727,PUERTO OCTAY,7447,PUERTO OCTAY
3010,DE LOS LAGOS,5013,CIRCUNSCRIPCIÓN SENATORIAL 13,6025,DISTRITO 25,2715,PUERTO VARAS,7586,ENSENADA
3010,DE LOS LAGOS,5013,CIRCUNSCRIPCIÓN SENATORIAL 13,6025,DISTRITO 25,2715,PUERTO VARAS,7632,NUEVA BRAUNAU
3010,DE LOS LAGOS,5013,CIRCUNSCRIPCIÓN SENATORIAL 13,6025,DISTRITO 25,2715,PUERTO VARAS,7454,PEULLA
3010,DE LOS LAGOS,5013,CIRCUNSCRIPCIÓN SENATORIAL 13,6025,DISTRITO 25,2715,PUERTO VARAS,7453,PUERTO VARAS
3010,DE LOS LAGOS,5013,CIRCUNSCRIPCIÓN SENATORIAL 13,6025,DISTRITO 25,2715,PUERTO VARAS,7612,RALUN
3010,DE LOS LAGOS,5013,CIRCUNSCRIPCIÓN SENATORIAL 13,6025,DISTRITO 25,2728,PURRANQUE,7760,CONCORDIA
3010,DE LOS LAGOS,5013,CIRCUNSCRIPCIÓN SENATORIAL 13,6025,DISTRITO 25,2728,PURRANQUE,7675,CORTE ALTO
3010,DE LOS LAGOS,5013,CIRCUNSCRIPCIÓN SENATORIAL 13,6025,DISTRITO 25,2728,PURRANQUE,7566,HUEYUSCA
3010,DE LOS LAGOS,5013,CIRCUNSCRIPCIÓN SENATORIAL 13,6025,DISTRITO 25,2728,PURRANQUE,7448,PURRANQUE
3010,DE LOS LAGOS,5013,CIRCUNSCRIPCIÓN SENATORIAL 13,6025,DISTRITO 25,2729,PUYEHUE,7446,PUYEHUE (ENTRE LAGOS)
3010,DE LOS LAGOS,5013,CIRCUNSCRIPCIÓN SENATORIAL 13,6025,DISTRITO 25,2730,RIO NEGRO,7561,RIACHUELO
3010,DE LOS LAGOS,5013,CIRCUNSCRIPCIÓN SENATORIAL 13,6025,DISTRITO 25,2730,RIO NEGRO,7449,RIO NEGRO
3010,DE LOS LAGOS,5013,CIRCUNSCRIPCIÓN SENATORIAL 13,6025,DISTRITO 25,2731,SAN JUAN DE LA COSTA,7611,BAHIA MANSA
3010,DE LOS LAGOS,5013,CIRCUNSCRIPCIÓN SENATORIAL 13,6025,DISTRITO 25,2731,SAN JUAN DE LA COSTA,7563,MISION DE LA COSTA
3010,DE LOS LAGOS,5013,CIRCUNSCRIPCIÓN SENATORIAL 13,6025,DISTRITO 25,2731,SAN JUAN DE LA COSTA,7450,SAN JUAN DE LA COSTA
3010,DE LOS LAGOS,5013,CIRCUNSCRIPCIÓN SENATORIAL 13,6025,DISTRITO 25,2732,SAN PABLO,7445,QUILACAHUIN
3010,DE LOS LAGOS,5013,CIRCUNSCRIPCIÓN SENATORIAL 13,6025,DISTRITO 25,2732,SAN PABLO,7444,SAN PABLO
3010,DE LOS LAGOS,5013,CIRCUNSCRIPCIÓN SENATORIAL 13,6026,DISTRITO 26,2717,ANCUD,7467,ANCUD
3010,DE LOS LAGOS,5013,CIRCUNSCRIPCIÓN SENATORIAL 13,6026,DISTRITO 26,2717,ANCUD,7468,CHACAO
3010,DE LOS LAGOS,5013,CIRCUNSCRIPCIÓN SENATORIAL 13,6026,DISTRITO 26,2717,ANCUD,7736,PILLUCO
3010,DE LOS LAGOS,5013,CIRCUNSCRIPCIÓN SENATORIAL 13,6026,DISTRITO 26,2708,CALBUCO,7458,CALBUCO
3010,DE LOS LAGOS,5013,CIRCUNSCRIPCIÓN SENATORIAL 13,6026,DISTRITO 26,2708,CALBUCO,7548,COLACO
3010,DE LOS LAGOS,5013,CIRCUNSCRIPCIÓN SENATORIAL 13,6026,DISTRITO 26,2708,CALBUCO,7459,ISLA GUAR
3010,DE LOS LAGOS,5013,CIRCUNSCRIPCIÓN SENATORIAL 13,6026,DISTRITO 26,2708,CALBUCO,7573,ISLA PULUQUI
3010,DE LOS LAGOS,5013,CIRCUNSCRIPCIÓN SENATORIAL 13,6026,DISTRITO 26,2708,CALBUCO,7570,PARGUA
3010,DE LOS LAGOS,5013,CIRCUNSCRIPCIÓN SENATORIAL 13,6026,DISTRITO 26,2716,CASTRO,7465,CASTRO
3010,DE LOS LAGOS,5013,CIRCUNSCRIPCIÓN SENATORIAL 13,6026,DISTRITO 26,2716,CASTRO,7710,CASTRO SUR
3010,DE LOS LAGOS,5013,CIRCUNSCRIPCIÓN SENATORIAL 13,6026,DISTRITO 26,2716,CASTRO,7466,QUEHUI
3010,DE LOS LAGOS,5013,CIRCUNSCRIPCIÓN SENATORIAL 13,6026,DISTRITO 26,2716,CASTRO,7571,RILAN
3010,DE LOS LAGOS,5013,CIRCUNSCRIPCIÓN SENATORIAL 13,6026,DISTRITO 26,2733,CHAITEN,7481,AYACARA
3010,DE LOS LAGOS,5013,CIRCUNSCRIPCIÓN SENATORIAL 13,6026,DISTRITO 26,2733,CHAITEN,7480,CHAITEN
3010,DE LOS LAGOS,5013,CIRCUNSCRIPCIÓN SENATORIAL 13,6026,DISTRITO 26,2733,CHAITEN,7482,VILLA SANTA LUCIA
3010,DE LOS LAGOS,5013,CIRCUNSCRIPCIÓN SENATORIAL 13,6026,DISTRITO 26,2718,CHONCHI,7477,CHONCHI
3010,DE LOS LAGOS,5013,CIRCUNSCRIPCIÓN SENATORIAL 13,6026,DISTRITO 26,2718,CHONCHI,7757,CUCAO
3010,DE LOS LAGOS,5013,CIRCUNSCRIPCIÓN SENATORIAL 13,6026,DISTRITO 26,2709,COCHAMO,7456,COCHAMO
3010,DE LOS LAGOS,5013,CIRCUNSCRIPCIÓN SENATORIAL 13,6026,DISTRITO 26,2709,COCHAMO,7457,LLANADA GRANDE
3010,DE LOS LAGOS,5013,CIRCUNSCRIPCIÓN SENATORIAL 13,6026,DISTRITO 26,2709,COCHAMO,7455,PUELO
3010,DE LOS LAGOS,5013,CIRCUNSCRIPCIÓN SENATORIAL 13,6026,DISTRITO 26,2719,CURACO DE VELEZ,7472,CURACO DE VELEZ
3010,DE LOS LAGOS,5013,CIRCUNSCRIPCIÓN SENATORIAL 13,6026,DISTRITO 26,2720,DALCAHUE,7471,DALCAHUE
3010,DE LOS LAGOS,5013,CIRCUNSCRIPCIÓN SENATORIAL 13,6026,DISTRITO 26,2720,DALCAHUE,7559,TENAUN
3010,DE LOS LAGOS,5013,CIRCUNSCRIPCIÓN SENATORIAL 13,6026,DISTRITO 26,2734,FUTALEUFU,7485,FUTALEUFU
3010,DE LOS LAGOS,5013,CIRCUNSCRIPCIÓN SENATORIAL 13,6026,DISTRITO 26,2735,HUALAIHUE,7555,CONTAO
3010,DE LOS LAGOS,5013,CIRCUNSCRIPCIÓN SENATORIAL 13,6026,DISTRITO 26,2735,HUALAIHUE,7483,HUALAIHUE
3010,DE LOS LAGOS,5013,CIRCUNSCRIPCIÓN SENATORIAL 13,6026,DISTRITO 26,2735,HUALAIHUE,7585,HUALAIHUE PUERTO
3010,DE LOS LAGOS,5013,CIRCUNSCRIPCIÓN SENATORIAL 13,6026,DISTRITO 26,2735,HUALAIHUE,7484,ROLECHA
3010,DE LOS LAGOS,5013,CIRCUNSCRIPCIÓN SENATORIAL 13,6026,DISTRITO 26,2714,MAULLIN,7564,CARELMAPU
3010,DE LOS LAGOS,5013,CIRCUNSCRIPCIÓN SENATORIAL 13,6026,DISTRITO 26,2714,MAULLIN,7737,LA PASADA
3010,DE LOS LAGOS,5013,CIRCUNSCRIPCIÓN SENATORIAL 13,6026,DISTRITO 26,2714,MAULLIN,7460,MAULLIN
3010,DE LOS LAGOS,5013,CIRCUNSCRIPCIÓN SENATORIAL 13,6026,DISTRITO 26,2714,MAULLIN,7758,OLMOPULLI
3010,DE LOS LAGOS,5013,CIRCUNSCRIPCIÓN SENATORIAL 13,6026,DISTRITO 26,2714,MAULLIN,7547,QUENUIR
3010,DE LOS LAGOS,5013,CIRCUNSCRIPCIÓN SENATORIAL 13,6026,DISTRITO 26,2736,PALENA,7486,PALENA
3010,DE LOS LAGOS,5013,CIRCUNSCRIPCIÓN SENATORIAL 13,6026,DISTRITO 26,2707,PUERTO MONTT,7610,ALERCE
3010,DE LOS LAGOS,5013,CIRCUNSCRIPCIÓN SENATORIAL 13,6026,DISTRITO 26,2707,PUERTO MONTT,7689,CHAMIZA
3010,DE LOS LAGOS,5013,CIRCUNSCRIPCIÓN SENATORIAL 13,6026,DISTRITO 26,2707,PUERTO MONTT,7759,CORRENTOSO
3010,DE LOS LAGOS,5013,CIRCUNSCRIPCIÓN SENATORIAL 13,6026,DISTRITO 26,2707,PUERTO MONTT,7687,HUELMO
3010,DE LOS LAGOS,5013,CIRCUNSCRIPCIÓN SENATORIAL 13,6026,DISTRITO 26,2707,PUERTO MONTT,7581,ISLA MAILLEN
3010,DE LOS LAGOS,5013,CIRCUNSCRIPCIÓN SENATORIAL 13,6026,DISTRITO 26,2707,PUERTO MONTT,7688,LA VARA
3010,DE LOS LAGOS,5013,CIRCUNSCRIPCIÓN SENATORIAL 13,6026,DISTRITO 26,2707,PUERTO MONTT,7635,LAS QUEMAS
3010,DE LOS LAGOS,5013,CIRCUNSCRIPCIÓN SENATORIAL 13,6026,DISTRITO 26,2707,PUERTO MONTT,7690,LENCA
3010,DE LOS LAGOS,5013,CIRCUNSCRIPCIÓN SENATORIAL 13,6026,DISTRITO 26,2707,PUERTO MONTT,7708,PUERTO MONTT CENTRO E ISLA TENGLO
3010,DE LOS LAGOS,5013,CIRCUNSCRIPCIÓN SENATORIAL 13,6026,DISTRITO 26,2707,PUERTO MONTT,7707,PUERTO MONTT MIRASOL
3010,DE LOS LAGOS,5013,CIRCUNSCRIPCIÓN SENATORIAL 13,6026,DISTRITO 26,2707,PUERTO MONTT,7709,PUERTO MONTT NORTE
3010,DE LOS LAGOS,5013,CIRCUNSCRIPCIÓN SENATORIAL 13,6026,DISTRITO 26,2721,PUQUELDON,7476,PUQUELDON
3010,DE LOS LAGOS,5013,CIRCUNSCRIPCIÓN SENATORIAL 13,6026,DISTRITO 26,2722,QUEILEN,7478,QUEILEN
3010,DE LOS LAGOS,5013,CIRCUNSCRIPCIÓN SENATORIAL 13,6026,DISTRITO 26,2723,QUELLON,7739,MOLULCO
3010,DE LOS LAGOS,5013,CIRCUNSCRIPCIÓN SENATORIAL 13,6026,DISTRITO 26,2723,QUELLON,7479,QUELLON
3010,DE LOS LAGOS,5013,CIRCUNSCRIPCIÓN SENATORIAL 13,6026,DISTRITO 26,2724,QUEMCHI,7691,LLIUCO
3010,DE LOS LAGOS,5013,CIRCUNSCRIPCIÓN SENATORIAL 13,6026,DISTRITO 26,2724,QUEMCHI,7470,MECHUQUE
3010,DE LOS LAGOS,5013,CIRCUNSCRIPCIÓN SENATORIAL 13,6026,DISTRITO 26,2724,QUEMCHI,7584,METAHUE
3010,DE LOS LAGOS,5013,CIRCUNSCRIPCIÓN SENATORIAL 13,6026,DISTRITO 26,2724,QUEMCHI,7692,MONTEMAR
3010,DE LOS LAGOS,5013,CIRCUNSCRIPCIÓN SENATORIAL 13,6026,DISTRITO 26,2724,QUEMCHI,7469,QUEMCHI
3010,DE LOS LAGOS,5013,CIRCUNSCRIPCIÓN SENATORIAL 13,6026,DISTRITO 26,2725,QUINCHAO,7761,APIAO
3010,DE LOS LAGOS,5013,CIRCUNSCRIPCIÓN SENATORIAL 13,6026,DISTRITO 26,2725,QUINCHAO,7475,CHAULINEC
3010,DE LOS LAGOS,5013,CIRCUNSCRIPCIÓN SENATORIAL 13,6026,DISTRITO 26,2725,QUINCHAO,7762,MEULIN
3010,DE LOS LAGOS,5013,CIRCUNSCRIPCIÓN SENATORIAL 13,6026,DISTRITO 26,2725,QUINCHAO,7474,QUENAC
3010,DE LOS LAGOS,5013,CIRCUNSCRIPCIÓN SENATORIAL 13,6026,DISTRITO 26,2725,QUINCHAO,7473,QUINCHAO (ACHAO)
3011,DE AYSEN DEL GENERAL CARLOS IBAÑEZ DEL CAMPO,5014,CIRCUNSCRIPCIÓN SENATORIAL 14,6027,DISTRITO 27,2739,AYSEN,7491,AISEN
3011,DE AYSEN DEL GENERAL CARLOS IBAÑEZ DEL CAMPO,5014,CIRCUNSCRIPCIÓN SENATORIAL 14,6027,DISTRITO 27,2739,AYSEN,7565,MAÑIHUALES
3011,DE AYSEN DEL GENERAL CARLOS IBAÑEZ DEL CAMPO,5014,CIRCUNSCRIPCIÓN SENATORIAL 14,6027,DISTRITO 27,2739,AYSEN,7492,PUERTO AGUIRRE
3011,DE AYSEN DEL GENERAL CARLOS IBAÑEZ DEL CAMPO,5014,CIRCUNSCRIPCIÓN SENATORIAL 14,6027,DISTRITO 27,2739,AYSEN,7592,PUERTO CHACABUCO
3011,DE AYSEN DEL GENERAL CARLOS IBAÑEZ DEL CAMPO,5014,CIRCUNSCRIPCIÓN SENATORIAL 14,6027,DISTRITO 27,2745,CHILE CHICO,7497,CHILE CHICO
3011,DE AYSEN DEL GENERAL CARLOS IBAÑEZ DEL CAMPO,5014,CIRCUNSCRIPCIÓN SENATORIAL 14,6027,DISTRITO 27,2745,CHILE CHICO,7498,PUERTO GUADAL
3011,DE AYSEN DEL GENERAL CARLOS IBAÑEZ DEL CAMPO,5014,CIRCUNSCRIPCIÓN SENATORIAL 14,6027,DISTRITO 27,2740,CISNES,7493,CISNES
3011,DE AYSEN DEL GENERAL CARLOS IBAÑEZ DEL CAMPO,5014,CIRCUNSCRIPCIÓN SENATORIAL 14,6027,DISTRITO 27,2740,CISNES,7495,CORCOVADO
3011,DE AYSEN DEL GENERAL CARLOS IBAÑEZ DEL CAMPO,5014,CIRCUNSCRIPCIÓN SENATORIAL 14,6027,DISTRITO 27,2740,CISNES,7552,LA JUNTA
3011,DE AYSEN DEL GENERAL CARLOS IBAÑEZ DEL CAMPO,5014,CIRCUNSCRIPCIÓN SENATORIAL 14,6027,DISTRITO 27,2740,CISNES,7494,PUYUHUAPI
3011,DE AYSEN DEL GENERAL CARLOS IBAÑEZ DEL CAMPO,5014,CIRCUNSCRIPCIÓN SENATORIAL 14,6027,DISTRITO 27,2742,COCHRANE,7500,COCHRANE
3011,DE AYSEN DEL GENERAL CARLOS IBAÑEZ DEL CAMPO,5014,CIRCUNSCRIPCIÓN SENATORIAL 14,6027,DISTRITO 27,2737,COYHAIQUE,7488,BALMACEDA
3011,DE AYSEN DEL GENERAL CARLOS IBAÑEZ DEL CAMPO,5014,CIRCUNSCRIPCIÓN SENATORIAL 14,6027,DISTRITO 27,2737,COYHAIQUE,7487,COYHAIQUE
3011,DE AYSEN DEL GENERAL CARLOS IBAÑEZ DEL CAMPO,5014,CIRCUNSCRIPCIÓN SENATORIAL 14,6027,DISTRITO 27,2737,COYHAIQUE,7588,ÑIREHUAO
3011,DE AYSEN DEL GENERAL CARLOS IBAÑEZ DEL CAMPO,5014,CIRCUNSCRIPCIÓN SENATORIAL 14,6027,DISTRITO 27,2737,COYHAIQUE,7637,VALLE SIMPSON
3011,DE AYSEN DEL GENERAL CARLOS IBAÑEZ DEL CAMPO,5014,CIRCUNSCRIPCIÓN SENATORIAL 14,6027,DISTRITO 27,2737,COYHAIQUE,7740,VILLA ORTEGA
3011,DE AYSEN DEL GENERAL CARLOS IBAÑEZ DEL CAMPO,5014,CIRCUNSCRIPCIÓN SENATORIAL 14,6027,DISTRITO 27,2741,GUAITECAS,7496,GUAITECAS
3011,DE AYSEN DEL GENERAL CARLOS IBAÑEZ DEL CAMPO,5014,CIRCUNSCRIPCIÓN SENATORIAL 14,6027,DISTRITO 27,2738,LAGO VERDE,7489,LA TAPERA
3011,DE AYSEN DEL GENERAL CARLOS IBAÑEZ DEL CAMPO,5014,CIRCUNSCRIPCIÓN SENATORIAL 14,6027,DISTRITO 27,2738,LAGO VERDE,7490,LAGO VERDE
3011,DE AYSEN DEL GENERAL CARLOS IBAÑEZ DEL CAMPO,5014,CIRCUNSCRIPCIÓN SENATORIAL 14,6027,DISTRITO 27,2738,LAGO VERDE,7741,VILLA AMENGUAL
3011,DE AYSEN DEL GENERAL CARLOS IBAÑEZ DEL CAMPO,5014,CIRCUNSCRIPCIÓN SENATORIAL 14,6027,DISTRITO 27,2743,O'HIGGINS,7501,O'HIGGINS
3011,DE AYSEN DEL GENERAL CARLOS IBAÑEZ DEL CAMPO,5014,CIRCUNSCRIPCIÓN SENATORIAL 14,6027,DISTRITO 27,2746,RIO IBAÑEZ,7572,BAHIA MURTA
3011,DE AYSEN DEL GENERAL CARLOS IBAÑEZ DEL CAMPO,5014,CIRCUNSCRIPCIÓN SENATORIAL 14,6027,DISTRITO 27,2746,RIO IBAÑEZ,7499,RIO IBAÑEZ
3011,DE AYSEN DEL GENERAL CARLOS IBAÑEZ DEL CAMPO,5014,CIRCUNSCRIPCIÓN SENATORIAL 14,6027,DISTRITO 27,2746,RIO IBAÑEZ,7549,RIO TRANQUILO
3011,DE AYSEN DEL GENERAL CARLOS IBAÑEZ DEL CAMPO,5014,CIRCUNSCRIPCIÓN SENATORIAL 14,6027,DISTRITO 27,2746,RIO IBAÑEZ,7636,VILLA CERRO CASTILLO
3011,DE AYSEN DEL GENERAL CARLOS IBAÑEZ DEL CAMPO,5014,CIRCUNSCRIPCIÓN SENATORIAL 14,6027,DISTRITO 27,2744,TORTEL,7502,TORTEL
3012,DE MAGALLANES Y DE LA ANTARTICA CHILENA,5015,CIRCUNSCRIPCIÓN SENATORIAL 15,6028,DISTRITO 28,2752,ANTARTICA,7514,ANTARTICA
3012,DE MAGALLANES Y DE LA ANTARTICA CHILENA,5015,CIRCUNSCRIPCIÓN SENATORIAL 15,6028,DISTRITO 28,2751,CABO DE HORNOS(EX-NAVARINO),7513,CABO DE HORNOS (NAVARINO)
3012,DE MAGALLANES Y DE LA ANTARTICA CHILENA,5015,CIRCUNSCRIPCIÓN SENATORIAL 15,6028,DISTRITO 28,2748,LAGUNA BLANCA,7508,LAGUNA BLANCA
3012,DE MAGALLANES Y DE LA ANTARTICA CHILENA,5015,CIRCUNSCRIPCIÓN SENATORIAL 15,6028,DISTRITO 28,2756,NATALES,7503,NATALES
3012,DE MAGALLANES Y DE LA ANTARTICA CHILENA,5015,CIRCUNSCRIPCIÓN SENATORIAL 15,6028,DISTRITO 28,2756,NATALES,7553,PUERTO EDEN
3012,DE MAGALLANES Y DE LA ANTARTICA CHILENA,5015,CIRCUNSCRIPCIÓN SENATORIAL 15,6028,DISTRITO 28,2753,PORVENIR,7510,PORVENIR
3012,DE MAGALLANES Y DE LA ANTARTICA CHILENA,5015,CIRCUNSCRIPCIÓN SENATORIAL 15,6028,DISTRITO 28,2754,PRIMAVERA,7511,PRIMAVERA
3012,DE MAGALLANES Y DE LA ANTARTICA CHILENA,5015,CIRCUNSCRIPCIÓN SENATORIAL 15,6028,DISTRITO 28,2747,PUNTA ARENAS,7505,PUNTA ARENAS
3012,DE MAGALLANES Y DE LA ANTARTICA CHILENA,5015,CIRCUNSCRIPCIÓN SENATORIAL 15,6028,DISTRITO 28,2749,RIO VERDE,7507,RIO VERDE
3012,DE MAGALLANES Y DE LA ANTARTICA CHILENA,5015,CIRCUNSCRIPCIÓN SENATORIAL 15,6028,DISTRITO 28,2750,SAN GREGORIO,7509,SAN GREGORIO
3012,DE MAGALLANES Y DE LA ANTARTICA CHILENA,5015,CIRCUNSCRIPCIÓN SENATORIAL 15,6028,DISTRITO 28,2755,TIMAUKEL,7512,TIMAUKEL
3012,DE MAGALLANES Y DE LA ANTARTICA CHILENA,5015,CIRCUNSCRIPCIÓN SENATORIAL 15,6028,DISTRITO 28,2757,TORRES DEL PAINE,7504,TORRES DEL PAINE (C. CASTILLO)
